claim_id,submitted_at,partner_id,sku,claim_amount_inr,exclusion_reason,is_fraud
WC700000,2025-04-02 03:24,SP3150,KH-RV-03,5189.0,duplicate_resubmission_second_entry,0
WC700022,2025-04-05 15:13,SP3034,KH-AF-02,1260.0,duplicate_resubmission_second_entry,0
WC700035,2025-04-04 05:46,SP3326,KH-CF-01,641.0,duplicate_resubmission_second_entry,0
WC700058,2025-04-06 19:05,SP3206,KH-IC-03,1821.0,duplicate_resubmission_second_entry,0
WC700089,2025-04-09 02:43,SP3365,KH-IC-02,1632.0,duplicate_resubmission_second_entry,0
WC700092,2025-04-08 05:00,SP3038,KH-MG-03,2998.0,duplicate_resubmission_second_entry,0
WC700113,2025-04-08 22:07,SP3376,KH-WP-02,4037.0,duplicate_resubmission_second_entry,0
WC700175,2025-04-10 01:49,SP3364,KH-WP-03,13436.0,duplicate_resubmission_second_entry,0
WC700178,2025-04-09 05:53,SP3303,KH-MG-03,1931.0,duplicate_resubmission_second_entry,0
WC700182,2025-04-13 12:42,SP3111,KH-CF-02,2078.0,duplicate_resubmission_second_entry,0
WC700194,2025-04-10 22:55,SP3164,KH-WP-02,4836.0,duplicate_resubmission_second_entry,0
WC700203,2025-04-10 05:15,SP3285,KH-AF-02,1335.0,duplicate_resubmission_second_entry,0
WC700231,2025-04-11 14:15,SP3211,KH-CF-02,2109.0,duplicate_resubmission_second_entry,0
WC700238,2025-04-11 19:41,SP3099,KH-CF-02,778.0,duplicate_resubmission_second_entry,0
WC700273,2025-04-14 00:42,SP3045,KH-RH-03,1565.0,duplicate_resubmission_second_entry,0
WC700291,2025-04-13 21:42,SP3276,KH-IC-01,766.0,duplicate_resubmission_second_entry,0
WC700304,2025-04-17 04:32,SP3202,KH-RV-03,13971.0,duplicate_resubmission_second_entry,0
WC700309,2025-04-17 08:25,SP3029,KH-CF-01,484.0,duplicate_resubmission_second_entry,0
WC700313,2025-04-15 10:26,SP3349,KH-RH-01,507.0,duplicate_resubmission_second_entry,0
WC700326,2025-04-18 01:20,SP3206,KH-MG-03,1200.0,duplicate_resubmission_second_entry,0
WC700367,2025-04-16 17:00,SP3157,KH-MG-02,732.0,duplicate_resubmission_second_entry,0
WC700380,2025-04-20 04:35,SP3127,KH-RH-02,955.0,duplicate_resubmission_second_entry,0
WC700387,2025-04-18 10:31,SP3195,KH-CF-03,2385.0,duplicate_resubmission_second_entry,0
WC700433,2025-04-20 04:39,SP3243,KH-RH-03,775.0,duplicate_resubmission_second_entry,0
WC700448,2025-04-23 17:50,SP3250,KH-AF-02,3201.0,duplicate_resubmission_second_entry,0
WC700454,2025-04-24 00:32,SP3158,KH-AF-01,1428.0,duplicate_resubmission_second_entry,0
WC700455,2025-04-23 05:44,SP3116,KH-AF-01,1991.0,duplicate_resubmission_second_entry,0
WC700456,2025-04-23 06:50,SP3201,KH-CF-03,2141.0,duplicate_resubmission_second_entry,0
WC700460,2025-04-20 08:48,SP3255,KH-RH-03,1449.0,duplicate_resubmission_second_entry,0
WC700466,2025-04-20 14:17,SP3098,KH-MG-01,1499.0,duplicate_resubmission_second_entry,0
WC700498,2025-04-25 21:07,SP3096,KH-CF-02,1345.0,duplicate_resubmission_second_entry,0
WC700503,2025-04-22 02:09,SP3181,KH-RV-02,11804.0,duplicate_resubmission_second_entry,0
WC700520,2025-04-26 03:48,SP3217,KH-RH-03,546.0,duplicate_resubmission_second_entry,0
WC700521,2025-04-23 04:51,SP3280,KH-RV-02,5121.0,duplicate_resubmission_second_entry,0
WC700535,2025-04-26 18:58,SP3006,KH-IC-03,433.0,duplicate_resubmission_second_entry,0
WC700564,2025-04-29 01:37,SP3139,KH-CF-01,2519.0,duplicate_resubmission_second_entry,0
WC700615,2025-04-30 08:57,SP3374,KH-WP-02,5409.0,duplicate_resubmission_second_entry,0
WC700624,2025-04-28 17:28,SP3164,KH-AF-03,2240.0,duplicate_resubmission_second_entry,0
WC700641,2025-04-30 06:26,SP3075,KH-IC-01,1364.0,duplicate_resubmission_second_entry,0
WC700663,2025-05-02 00:00,SP3189,KH-CF-03,2113.0,duplicate_resubmission_second_entry,0
WC700701,2025-05-04 12:42,SP3141,KH-WP-02,6299.0,duplicate_resubmission_second_entry,0
WC700713,2025-05-04 00:04,SP3095,KH-MG-02,3534.0,duplicate_resubmission_second_entry,1
WC700771,2025-05-03 08:33,SP3349,KH-WP-01,4603.0,duplicate_resubmission_second_entry,0
WC700773,2025-05-07 09:20,SP3303,KH-MG-03,2822.0,duplicate_resubmission_second_entry,0
WC700832,2025-05-09 17:11,SP3020,KH-CF-03,1651.0,duplicate_resubmission_second_entry,0
WC700868,2025-05-07 02:44,SP3025,KH-WP-03,7751.0,duplicate_resubmission_second_entry,0
WC700891,2025-05-10 17:53,SP3041,KH-RV-02,6102.0,duplicate_resubmission_second_entry,0
WC700895,2025-05-07 19:11,SP3171,KH-CF-01,658.0,duplicate_resubmission_second_entry,0
WC700905,2025-05-09 01:32,SP3029,KH-IC-02,719.0,duplicate_resubmission_second_entry,0
WC700916,2025-05-08 17:58,SP3332,KH-AF-02,1946.0,duplicate_resubmission_second_entry,0
WC700933,2025-05-10 01:17,SP3135,KH-RV-01,5348.0,duplicate_resubmission_second_entry,0
WC700944,2025-05-12 11:10,SP3124,KH-RH-01,968.0,duplicate_resubmission_second_entry,0
WC700946,2025-05-12 13:51,SP3284,KH-WP-03,3913.0,duplicate_resubmission_second_entry,0
WC700948,2025-05-11 17:56,SP3360,KH-RH-01,274.0,duplicate_resubmission_second_entry,0
WC700968,2025-05-11 08:01,SP3200,KH-RH-01,888.0,duplicate_resubmission_second_entry,0
WC700999,2025-05-11 06:30,SP3302,KH-RV-03,6250.0,duplicate_resubmission_second_entry,0
WC701016,2025-05-15 19:36,SP3012,KH-WP-02,4981.0,duplicate_resubmission_second_entry,0
WC701029,2025-05-12 10:11,SP3345,KH-IC-01,986.0,duplicate_resubmission_second_entry,0
WC701030,2025-05-15 16:58,SP3013,KH-WP-03,3210.0,duplicate_resubmission_second_entry,0
WC701031,2025-05-14 17:04,SP3230,KH-RH-02,381.0,duplicate_resubmission_second_entry,0
WC701044,2025-05-14 02:36,SP3175,KH-RH-01,356.0,duplicate_resubmission_second_entry,0
WC701072,2025-05-18 06:54,SP3342,KH-WP-01,2219.0,duplicate_resubmission_second_entry,0
WC701127,2025-05-18 19:25,SP3179,KH-IC-01,1904.0,duplicate_resubmission_second_entry,0
WC701142,2025-05-21 09:54,SP3352,KH-RV-03,4278.0,duplicate_resubmission_second_entry,0
WC701143,2025-05-19 11:04,SP3212,KH-IC-02,1302.0,duplicate_resubmission_second_entry,0
WC701175,2025-05-20 17:06,SP3074,KH-AF-02,1468.0,duplicate_resubmission_second_entry,0
WC701184,2025-05-22 04:55,SP3159,KH-WP-01,5997.0,duplicate_resubmission_second_entry,0
WC701204,2025-05-22 22:59,SP3335,KH-AF-01,1544.0,duplicate_resubmission_second_entry,0
WC701225,2025-05-23 14:47,SP3288,KH-MG-02,2017.0,duplicate_resubmission_second_entry,0
WC701277,2025-05-25 07:07,SP3235,KH-RV-02,4293.0,duplicate_resubmission_second_entry,0
WC701307,2025-05-27 08:19,SP3218,KH-AF-03,4287.0,duplicate_resubmission_second_entry,0
WC701331,2025-05-25 02:05,SP3293,KH-CF-03,1703.0,duplicate_resubmission_second_entry,0
WC701349,2025-05-25 15:23,SP3106,KH-AF-03,3954.0,duplicate_resubmission_second_entry,0
WC701357,2025-05-25 19:46,SP3176,KH-CF-03,863.0,duplicate_resubmission_second_entry,0
WC701361,2025-05-28 21:00,SP3373,KH-IC-03,1277.0,duplicate_resubmission_second_entry,0
WC701384,2025-05-27 18:22,SP3248,KH-RH-03,619.0,duplicate_resubmission_second_entry,0
WC701386,2025-05-30 18:59,SP3034,KH-MG-03,1089.0,duplicate_resubmission_second_entry,0
WC701388,2025-05-28 21:53,SP3342,KH-WP-01,1593.0,duplicate_resubmission_second_entry,0
WC701399,2025-05-27 06:47,SP3358,KH-RH-03,763.0,duplicate_resubmission_second_entry,0
WC701409,2025-05-31 17:17,SP3012,KH-IC-01,413.0,duplicate_resubmission_second_entry,0
WC701411,2025-05-30 20:44,SP3188,KH-IC-03,1587.0,duplicate_resubmission_second_entry,0
WC701453,2025-06-03 00:50,SP3103,KH-MG-03,859.0,duplicate_resubmission_second_entry,0
WC701456,2025-06-01 06:57,SP3278,KH-CF-03,1131.0,duplicate_resubmission_second_entry,0
WC701459,2025-05-31 12:31,SP3314,KH-CF-03,773.0,duplicate_resubmission_second_entry,0
WC701461,2025-06-02 14:52,SP3213,KH-CF-02,1163.0,duplicate_resubmission_second_entry,0
WC701463,2025-06-02 15:22,SP3193,KH-WP-01,2234.0,duplicate_resubmission_second_entry,0
WC701502,2025-06-05 23:44,SP3041,KH-IC-03,887.0,duplicate_resubmission_second_entry,0
WC701503,2025-06-05 01:14,SP3132,KH-IC-03,3152.0,duplicate_resubmission_second_entry,0
WC701506,2025-06-05 05:16,SP3158,KH-RV-02,10637.0,duplicate_resubmission_second_entry,0
WC701517,2025-06-04 14:18,SP3185,KH-CF-02,1412.0,duplicate_resubmission_second_entry,0
WC701523,2025-06-03 20:02,SP3110,KH-CF-03,1036.0,duplicate_resubmission_second_entry,0
WC701542,2025-06-07 12:58,SP3201,KH-RH-02,452.0,duplicate_resubmission_second_entry,0
WC701545,2025-06-06 14:58,SP3278,KH-RV-03,7872.0,duplicate_resubmission_second_entry,0
WC701581,2025-06-08 17:55,SP3043,KH-IC-02,406.0,duplicate_resubmission_second_entry,0
WC701592,2025-06-05 12:32,SP3235,KH-MG-02,2107.0,duplicate_resubmission_second_entry,0
WC701600,2025-06-09 21:16,SP3164,KH-WP-03,3846.0,duplicate_resubmission_second_entry,0
WC701604,2025-06-08 01:21,SP3269,KH-IC-02,356.0,duplicate_resubmission_second_entry,0
WC701618,2025-06-09 15:11,SP3339,KH-WP-03,4087.0,duplicate_resubmission_second_entry,0
WC701627,2025-06-09 02:50,SP3049,KH-MG-01,1321.0,duplicate_resubmission_second_entry,0
WC701640,2025-06-07 13:04,SP3202,KH-WP-02,6459.0,duplicate_resubmission_second_entry,0
WC701650,2025-06-08 18:53,SP3281,KH-CF-01,1294.0,duplicate_resubmission_second_entry,0
WC701663,2025-06-11 06:18,SP3185,KH-MG-02,1885.0,duplicate_resubmission_second_entry,0
WC701685,2025-06-12 09:00,SP3338,KH-WP-03,9276.0,duplicate_resubmission_second_entry,0
WC701726,2025-06-11 05:57,SP3089,KH-RV-01,10541.0,duplicate_resubmission_second_entry,0
WC701743,2025-06-12 17:00,SP3063,KH-MG-03,1527.0,duplicate_resubmission_second_entry,0
WC701744,2025-06-11 17:59,SP3190,KH-RV-01,5214.0,duplicate_resubmission_second_entry,0
WC701755,2025-06-12 02:21,SP3032,KH-MG-02,1357.0,duplicate_resubmission_second_entry,0
WC701763,2025-06-12 08:10,SP3332,KH-MG-01,1543.0,duplicate_resubmission_second_entry,0
WC701773,2025-06-14 16:17,SP3032,KH-AF-02,2040.0,duplicate_resubmission_second_entry,0
WC701777,2025-06-16 21:47,SP3200,KH-RV-01,2858.0,duplicate_resubmission_second_entry,0
WC701802,2025-06-16 22:15,SP3113,KH-MG-01,650.0,duplicate_resubmission_second_entry,0
WC701826,2025-06-19 03:07,SP3157,KH-CF-03,994.0,duplicate_resubmission_second_entry,0
WC701834,2025-06-17 16:49,SP3094,KH-RV-02,11553.0,duplicate_resubmission_second_entry,0
WC701857,2025-06-16 13:38,SP3040,KH-IC-01,448.0,duplicate_resubmission_second_entry,0
WC701859,2025-06-16 15:25,SP3076,KH-IC-02,1826.0,duplicate_resubmission_second_entry,0
WC701878,2025-06-21 11:29,SP3041,KH-CF-02,965.0,duplicate_resubmission_second_entry,0
WC701880,2025-06-20 14:24,SP3192,KH-CF-02,1323.0,duplicate_resubmission_second_entry,0
WC701890,2025-06-21 18:48,SP3293,KH-MG-02,748.0,duplicate_resubmission_second_entry,0
WC701907,2025-06-18 08:27,SP3363,KH-RV-02,16713.0,duplicate_resubmission_second_entry,0
WC701911,2025-06-20 10:39,SP3022,KH-RV-01,9166.0,duplicate_resubmission_second_entry,0
WC701921,2025-06-19 20:01,SP3298,KH-WP-02,2540.0,duplicate_resubmission_second_entry,0
WC701964,2025-06-24 09:13,SP3230,KH-IC-01,2159.0,duplicate_resubmission_second_entry,0
WC701968,2025-06-20 10:04,SP3323,KH-RH-03,866.0,duplicate_resubmission_second_entry,0
WC701990,2025-06-22 05:42,SP3104,KH-CF-02,1180.0,duplicate_resubmission_second_entry,0
WC702005,2025-06-24 21:42,SP3196,KH-CF-03,2090.0,duplicate_resubmission_second_entry,0
WC702036,2025-06-24 03:31,SP3250,KH-CF-03,1644.0,duplicate_resubmission_second_entry,0
WC702055,2025-06-23 19:32,SP3351,KH-MG-03,453.0,duplicate_resubmission_second_entry,0
WC702066,2025-06-28 05:15,SP3036,KH-WP-01,4356.0,duplicate_resubmission_second_entry,0
WC702079,2025-06-28 15:52,SP3370,KH-CF-01,386.0,duplicate_resubmission_second_entry,0
WC702130,2025-06-27 13:50,SP3371,KH-RV-03,8778.0,duplicate_resubmission_second_entry,0
WC702139,2025-06-30 22:27,SP3203,KH-AF-03,4905.0,duplicate_resubmission_second_entry,0
WC702150,2025-06-30 05:44,SP3330,KH-IC-03,1160.0,duplicate_resubmission_second_entry,0
WC702157,2025-06-28 08:15,SP3104,KH-MG-03,1864.0,duplicate_resubmission_second_entry,0
WC702174,2025-06-29 17:34,SP3169,KH-RH-01,610.0,duplicate_resubmission_second_entry,0
WC702202,2025-07-01 19:44,SP3347,KH-RV-01,4573.0,duplicate_resubmission_second_entry,0
WC702223,2025-06-30 01:26,SP3091,KH-WP-02,6016.0,duplicate_resubmission_second_entry,0
WC702245,2025-06-30 18:49,SP3056,KH-AF-03,2317.0,duplicate_resubmission_second_entry,0
WC702261,2025-07-03 11:19,SP3225,KH-RH-01,551.0,duplicate_resubmission_second_entry,0
WC702278,2025-07-04 19:30,SP3016,KH-AF-01,1224.0,duplicate_resubmission_second_entry,0
WC702281,2025-07-04 22:16,SP3366,KH-WP-03,8496.0,duplicate_resubmission_second_entry,0
WC702315,2025-07-03 11:52,SP3128,KH-IC-02,631.0,duplicate_resubmission_second_entry,0
WC702320,2025-07-04 14:06,SP3146,KH-WP-03,3645.0,duplicate_resubmission_second_entry,0
WC702345,2025-07-06 15:27,SP3328,KH-IC-01,807.0,duplicate_resubmission_second_entry,0
WC702357,2025-07-09 00:30,SP3132,KH-IC-02,408.0,duplicate_resubmission_second_entry,0
WC702404,2025-07-09 19:23,SP3015,KH-WP-03,7628.0,duplicate_resubmission_second_entry,0
WC702416,2025-07-09 05:26,SP3124,KH-IC-02,1215.0,duplicate_resubmission_second_entry,0
WC702445,2025-07-12 07:59,SP3055,KH-CF-01,1415.0,duplicate_resubmission_second_entry,0
WC702525,2025-07-13 07:33,SP3182,KH-CF-01,1056.0,duplicate_resubmission_second_entry,0
WC702532,2025-07-14 12:45,SP3202,KH-MG-01,897.0,duplicate_resubmission_second_entry,0
WC702541,2025-07-12 22:15,SP3365,KH-CF-02,621.0,duplicate_resubmission_second_entry,0
WC702544,2025-07-16 02:30,SP3280,KH-MG-01,1868.0,duplicate_resubmission_second_entry,0
WC702601,2025-07-17 16:42,SP3116,KH-WP-02,8338.0,duplicate_resubmission_second_entry,0
WC702632,2025-07-17 20:24,SP3165,KH-AF-03,5937.0,duplicate_resubmission_second_entry,0
WC702639,2025-07-19 01:33,SP3061,KH-MG-01,393.0,duplicate_resubmission_second_entry,0
WC702678,2025-07-17 13:20,SP3362,KH-AF-02,3130.0,duplicate_resubmission_second_entry,0
WC702683,2025-07-17 16:16,SP3159,KH-MG-03,1737.0,duplicate_resubmission_second_entry,0
WC702694,2025-07-20 02:53,SP3177,KH-MG-01,677.0,duplicate_resubmission_second_entry,0
WC702711,2025-07-21 17:50,SP3368,KH-AF-02,4469.0,duplicate_resubmission_second_entry,0
WC702712,2025-07-22 22:30,SP3147,KH-CF-01,315.0,duplicate_resubmission_second_entry,0
WC702718,2025-07-22 02:42,SP3080,KH-WP-03,4420.0,duplicate_resubmission_second_entry,0
WC702764,2025-07-22 14:00,SP3167,KH-IC-02,1139.0,duplicate_resubmission_second_entry,0
WC702798,2025-07-21 23:20,SP3288,KH-WP-02,2512.0,duplicate_resubmission_second_entry,0
WC702804,2025-07-24 04:26,SP3363,KH-AF-01,2410.0,duplicate_resubmission_second_entry,0
WC702829,2025-07-25 05:02,SP3180,KH-MG-01,701.0,duplicate_resubmission_second_entry,0
WC702853,2025-07-26 21:53,SP3026,KH-RV-01,7624.0,duplicate_resubmission_second_entry,0
WC702861,2025-07-27 16:01,SP3261,KH-RH-01,348.0,duplicate_resubmission_second_entry,0
WC702870,2025-07-26 02:07,SP3285,KH-WP-02,4997.0,duplicate_resubmission_second_entry,0
WC702882,2025-07-27 10:55,SP3104,KH-RV-01,7013.0,duplicate_resubmission_second_entry,0
WC702886,2025-07-27 11:57,SP3278,KH-CF-02,639.0,duplicate_resubmission_second_entry,0
WC702894,2025-07-25 22:46,SP3040,KH-MG-03,2785.0,duplicate_resubmission_second_entry,0
WC702909,2025-07-27 07:26,SP3365,KH-AF-02,2966.0,duplicate_resubmission_second_entry,0
WC702980,2025-07-30 13:34,SP3279,KH-IC-03,1334.0,duplicate_resubmission_second_entry,0
WC702986,2025-07-30 19:15,SP3043,KH-MG-03,1938.0,duplicate_resubmission_second_entry,0
WC703000,2025-08-02 07:29,SP3356,KH-RH-01,415.0,duplicate_resubmission_second_entry,0
WC703007,2025-07-31 16:45,SP3067,KH-RV-02,3053.0,duplicate_resubmission_second_entry,0
WC703032,2025-08-03 08:45,SP3072,KH-RH-03,1273.0,duplicate_resubmission_second_entry,0
WC703033,2025-08-01 11:18,SP3327,KH-RV-01,2322.0,duplicate_resubmission_second_entry,0
WC703077,2025-08-06 03:06,SP3161,KH-RH-03,341.0,duplicate_resubmission_second_entry,0
WC703081,2025-08-04 04:00,SP3202,KH-IC-03,841.0,duplicate_resubmission_second_entry,0
WC703117,2025-08-04 13:22,SP3125,KH-RH-01,346.0,duplicate_resubmission_second_entry,0
WC703120,2025-08-03 15:22,SP3250,KH-RH-03,807.0,duplicate_resubmission_second_entry,0
WC703155,2025-08-07 20:01,SP3040,KH-CF-02,1081.0,duplicate_resubmission_second_entry,0
WC703167,2025-08-06 08:22,SP3220,KH-RH-01,317.0,duplicate_resubmission_second_entry,0
WC703262,2025-08-10 21:40,SP3051,KH-AF-03,2241.0,duplicate_resubmission_second_entry,0
WC703265,2025-08-09 23:35,SP3082,KH-RH-01,559.0,duplicate_resubmission_second_entry,0
WC703266,2025-08-10 23:38,SP3016,KH-IC-01,537.0,duplicate_resubmission_second_entry,0
WC703281,2025-08-09 10:40,SP3069,KH-RV-01,6923.0,duplicate_resubmission_second_entry,0
WC703336,2025-08-13 21:34,SP3246,KH-AF-01,1045.0,duplicate_resubmission_second_entry,0
WC703376,2025-08-15 13:20,SP3108,KH-AF-03,2473.0,duplicate_resubmission_second_entry,0
WC703380,2025-08-16 18:26,SP3121,KH-RV-01,5163.0,duplicate_resubmission_second_entry,0
WC703422,2025-08-17 19:58,SP3064,KH-WP-01,1845.0,duplicate_resubmission_second_entry,0
WC703426,2025-08-20 04:49,SP3289,KH-RH-01,986.0,duplicate_resubmission_second_entry,0
WC703449,2025-08-19 07:04,SP3306,KH-CF-01,696.0,duplicate_resubmission_second_entry,0
WC703455,2025-08-19 13:32,SP3369,KH-RH-03,1280.0,duplicate_resubmission_second_entry,0
WC703469,2025-08-20 01:55,SP3210,KH-RH-01,738.0,duplicate_resubmission_second_entry,0
WC703508,2025-08-19 18:56,SP3058,KH-RV-01,5423.0,duplicate_resubmission_second_entry,0
WC703518,2025-08-24 06:46,SP3176,KH-CF-01,324.0,duplicate_resubmission_second_entry,0
WC703523,2025-08-23 13:17,SP3024,KH-AF-02,2694.0,duplicate_resubmission_second_entry,0
WC703536,2025-08-25 00:24,SP3205,KH-WP-03,5014.0,duplicate_resubmission_second_entry,0
WC703551,2025-08-25 10:54,SP3179,KH-RV-03,9361.0,duplicate_resubmission_second_entry,0
WC703559,2025-08-24 22:02,SP3214,KH-WP-03,5203.0,duplicate_resubmission_second_entry,0
WC703563,2025-08-22 02:29,SP3355,KH-MG-02,959.0,duplicate_resubmission_second_entry,0
WC703578,2025-08-22 14:13,SP3068,KH-AF-03,2476.0,duplicate_resubmission_second_entry,0
WC703584,2025-08-22 20:07,SP3253,KH-AF-03,2454.0,duplicate_resubmission_second_entry,0
WC703598,2025-08-27 06:52,SP3335,KH-IC-03,1075.0,duplicate_resubmission_second_entry,0
WC703628,2025-08-25 06:54,SP3268,KH-MG-02,2165.0,duplicate_resubmission_second_entry,0
WC703635,2025-08-26 13:50,SP3320,KH-AF-03,943.0,duplicate_resubmission_second_entry,0
WC703659,2025-08-25 13:22,SP3052,KH-WP-01,6249.0,duplicate_resubmission_second_entry,0
WC703697,2025-08-29 06:24,SP3144,KH-IC-01,525.0,duplicate_resubmission_second_entry,0
WC703703,2025-08-31 12:36,SP3103,KH-IC-03,1267.0,duplicate_resubmission_second_entry,0
WC703709,2025-08-28 15:20,SP3159,KH-RV-03,12391.0,duplicate_resubmission_second_entry,0
WC703711,2025-08-31 16:10,SP3168,KH-IC-01,425.0,duplicate_resubmission_second_entry,0
WC703729,2025-09-01 16:34,SP3355,KH-CF-03,2782.0,duplicate_resubmission_second_entry,0
WC703739,2025-08-30 03:04,SP3055,KH-AF-03,2829.0,duplicate_resubmission_second_entry,0
WC703850,2025-09-05 16:25,SP3320,KH-MG-01,446.0,duplicate_resubmission_second_entry,0
WC703854,2025-09-06 17:45,SP3275,KH-CF-02,827.0,duplicate_resubmission_second_entry,0
WC703855,2025-09-04 17:54,SP3243,KH-WP-03,7091.0,duplicate_resubmission_second_entry,0
WC703859,2025-09-03 19:38,SP3281,KH-IC-02,733.0,duplicate_resubmission_second_entry,0
WC703865,2025-09-06 23:01,SP3275,KH-RH-01,567.0,duplicate_resubmission_second_entry,0
WC703887,2025-09-07 07:18,SP3001,KH-WP-01,5205.0,duplicate_resubmission_second_entry,0
WC703890,2025-09-05 09:05,SP3326,KH-IC-01,919.0,duplicate_resubmission_second_entry,0
WC703899,2025-09-05 15:08,SP3185,KH-WP-01,2954.0,duplicate_resubmission_second_entry,0
WC703918,2025-09-06 05:50,SP3242,KH-IC-01,565.0,duplicate_resubmission_second_entry,0
WC703933,2025-09-07 19:50,SP3035,KH-WP-01,2620.0,duplicate_resubmission_second_entry,0
WC703934,2025-09-07 19:54,SP3213,KH-CF-01,945.0,duplicate_resubmission_second_entry,0
WC703959,2025-09-06 15:14,SP3120,KH-IC-01,1401.0,duplicate_resubmission_second_entry,0
WC703967,2025-09-08 18:00,SP3358,KH-RH-03,1531.0,duplicate_resubmission_second_entry,0
WC703977,2025-09-07 00:02,SP3345,KH-WP-01,4580.0,duplicate_resubmission_second_entry,0
WC704001,2025-09-09 01:35,SP3202,KH-MG-01,363.0,duplicate_resubmission_second_entry,0
WC704037,2025-09-10 06:47,SP3113,KH-WP-03,2938.0,duplicate_resubmission_second_entry,0
WC704041,2025-09-13 09:55,SP3363,KH-RV-01,14097.0,duplicate_resubmission_second_entry,0
WC704053,2025-09-09 19:02,SP3063,KH-CF-01,396.0,duplicate_resubmission_second_entry,0
WC704073,2025-09-14 11:20,SP3214,KH-MG-03,1123.0,duplicate_resubmission_second_entry,0
WC704095,2025-09-13 03:44,SP3190,KH-IC-01,523.0,duplicate_resubmission_second_entry,0
WC704116,2025-09-16 01:56,SP3258,KH-IC-01,1083.0,duplicate_resubmission_second_entry,0
WC704151,2025-09-14 19:32,SP3013,KH-IC-03,916.0,duplicate_resubmission_second_entry,0
WC704158,2025-09-14 01:19,SP3002,KH-CF-01,598.0,duplicate_resubmission_second_entry,0
WC704172,2025-09-17 16:13,SP3330,KH-RH-03,1088.0,duplicate_resubmission_second_entry,0
WC704174,2025-09-18 17:59,SP3100,KH-RV-02,12358.0,duplicate_resubmission_second_entry,0
WC704184,2025-09-16 01:36,SP3227,KH-AF-02,1602.0,duplicate_resubmission_second_entry,0
WC704205,2025-09-16 19:54,SP3026,KH-RV-02,4541.0,duplicate_resubmission_second_entry,0
WC704212,2025-09-20 03:13,SP3235,KH-WP-03,7606.0,duplicate_resubmission_second_entry,0
WC704216,2025-09-19 06:39,SP3020,KH-IC-01,1034.0,duplicate_resubmission_second_entry,0
WC704220,2025-09-19 12:45,SP3296,KH-IC-02,948.0,duplicate_resubmission_second_entry,0
WC704225,2025-09-16 21:00,SP3166,KH-RV-02,2741.0,duplicate_resubmission_second_entry,0
WC704227,2025-09-17 23:11,SP3185,KH-RV-03,5862.0,duplicate_resubmission_second_entry,0
WC704230,2025-09-19 03:14,SP3128,KH-MG-02,1084.0,duplicate_resubmission_second_entry,0
WC704235,2025-09-19 11:23,SP3322,KH-IC-01,985.0,duplicate_resubmission_second_entry,0
WC704260,2025-09-19 00:58,SP3259,KH-AF-02,2062.0,duplicate_resubmission_second_entry,0
WC704271,2025-09-19 17:16,SP3370,KH-RV-01,2635.0,duplicate_resubmission_second_entry,0
WC704281,2025-09-21 04:18,SP3199,KH-RV-03,18948.0,duplicate_resubmission_second_entry,0
WC704297,2025-09-20 17:02,SP3132,KH-RV-02,4165.0,duplicate_resubmission_second_entry,0
WC704301,2025-09-19 19:11,SP3055,KH-IC-03,2049.0,duplicate_resubmission_second_entry,0
WC704320,2025-09-20 15:50,SP3030,KH-AF-03,1296.0,duplicate_resubmission_second_entry,0
WC704322,2025-09-23 18:46,SP3237,KH-RV-03,10813.0,duplicate_resubmission_second_entry,0
WC704369,2025-09-22 14:07,SP3054,KH-AF-02,1109.0,duplicate_resubmission_second_entry,0
WC704377,2025-09-25 21:53,SP3097,KH-RH-03,963.0,duplicate_resubmission_second_entry,0
WC704407,2025-09-26 21:08,SP3189,KH-MG-03,849.0,duplicate_resubmission_second_entry,0
WC704427,2025-09-26 09:32,SP3278,KH-RH-03,664.0,duplicate_resubmission_second_entry,0
WC704478,2025-09-27 11:04,SP3340,KH-WP-03,3627.0,duplicate_resubmission_second_entry,0
WC704489,2025-09-28 00:03,SP3055,KH-RV-01,5305.0,duplicate_resubmission_second_entry,0
WC704499,2025-09-29 10:33,SP3036,KH-WP-03,11088.0,duplicate_resubmission_second_entry,0
WC704543,2025-10-02 04:27,SP3036,KH-MG-02,582.0,duplicate_resubmission_second_entry,0
WC704547,2025-10-02 07:52,SP3347,KH-CF-03,2202.0,duplicate_resubmission_second_entry,0
WC704559,2025-10-01 18:38,SP3133,KH-RV-02,3825.0,duplicate_resubmission_second_entry,0
WC704564,2025-10-02 00:31,SP3121,KH-IC-02,701.0,duplicate_resubmission_second_entry,0
WC704597,2025-10-05 17:29,SP3102,KH-RH-03,1493.0,duplicate_resubmission_second_entry,0
WC704598,2025-10-03 17:32,SP3292,KH-CF-01,948.0,duplicate_resubmission_second_entry,0
WC704599,2025-10-02 17:36,SP3083,KH-IC-01,278.0,duplicate_resubmission_second_entry,0
WC704627,2025-10-06 20:13,SP3072,KH-CF-03,1798.0,duplicate_resubmission_second_entry,0
WC704643,2025-10-07 10:37,SP3026,KH-IC-01,465.0,duplicate_resubmission_second_entry,0
WC704654,2025-10-07 21:17,SP3068,KH-IC-02,857.0,duplicate_resubmission_second_entry,0
WC704678,2025-10-04 18:26,SP3354,KH-RH-01,250.0,duplicate_resubmission_second_entry,0
WC704684,2025-10-05 22:00,SP3082,KH-IC-02,1299.0,duplicate_resubmission_second_entry,0
WC704697,2025-10-06 12:10,SP3158,KH-RH-02,674.0,duplicate_resubmission_second_entry,0
WC704712,2025-10-07 00:24,SP3326,KH-RH-01,626.0,duplicate_resubmission_second_entry,0
WC704751,2025-10-09 09:53,SP3203,KH-IC-03,309.0,duplicate_resubmission_second_entry,0
WC704754,2025-10-08 11:46,SP3285,KH-WP-02,3023.0,duplicate_resubmission_second_entry,0
WC704764,2025-10-12 02:56,SP3260,KH-AF-03,5958.0,duplicate_resubmission_second_entry,0
WC704796,2025-10-10 08:07,SP3302,KH-AF-02,2778.0,duplicate_resubmission_second_entry,0
WC704808,2025-10-14 00:11,SP3093,KH-AF-03,3363.0,duplicate_resubmission_second_entry,0
WC704813,2025-10-14 08:58,SP3292,KH-MG-03,1549.0,duplicate_resubmission_second_entry,0
WC704828,2025-10-12 22:16,SP3217,KH-RV-03,10430.0,duplicate_resubmission_second_entry,0
WC704845,2025-10-13 14:38,SP3202,KH-IC-01,1179.0,duplicate_resubmission_second_entry,0
WC704849,2025-10-14 18:05,SP3002,KH-RV-03,5507.0,duplicate_resubmission_second_entry,
WC704865,2025-10-13 10:14,SP3332,KH-RH-01,494.0,duplicate_resubmission_second_entry,0
WC704867,2025-10-15 12:34,SP3182,KH-IC-03,492.0,duplicate_resubmission_second_entry,0
WC704912,2025-10-17 03:27,SP3301,KH-RV-01,7816.0,duplicate_resubmission_second_entry,0
WC704980,2025-10-20 17:00,SP3272,KH-WP-02,3156.0,duplicate_resubmission_second_entry,0
WC705012,2025-10-20 05:31,SP3277,KH-MG-02,1628.0,duplicate_resubmission_second_entry,0
WC705030,2025-10-23 01:39,SP3183,KH-MG-01,1810.0,duplicate_resubmission_second_entry,0
WC705036,2025-10-23 09:30,SP3038,KH-CF-02,1319.0,duplicate_resubmission_second_entry,0
WC705063,2025-10-24 05:59,SP3328,KH-RH-03,643.0,duplicate_resubmission_second_entry,0
WC705086,2025-10-22 08:58,SP3125,KH-MG-03,2033.0,duplicate_resubmission_second_entry,0
WC705093,2025-10-25 15:28,SP3312,KH-RH-02,739.0,duplicate_resubmission_second_entry,0
WC705098,2025-10-22 19:39,SP3304,KH-IC-01,782.0,duplicate_resubmission_second_entry,1
WC705100,2025-10-21 20:46,SP3199,KH-IC-02,364.0,duplicate_resubmission_second_entry,0
WC705103,2025-10-24 04:08,SP3199,KH-IC-03,854.0,duplicate_resubmission_second_entry,0
WC705105,2025-10-22 04:35,SP3374,KH-IC-01,1016.0,duplicate_resubmission_second_entry,0
WC705125,2025-10-27 03:16,SP3336,KH-MG-02,499.0,duplicate_resubmission_second_entry,0
WC705137,2025-10-26 12:00,SP3109,KH-WP-02,3350.0,duplicate_resubmission_second_entry,0
WC705147,2025-10-24 19:57,SP3123,KH-IC-03,1192.0,duplicate_resubmission_second_entry,0
WC705169,2025-10-28 12:51,SP3249,KH-AF-03,2283.0,duplicate_resubmission_second_entry,0
WC705173,2025-10-28 19:02,SP3114,KH-CF-01,1449.0,duplicate_resubmission_second_entry,0
WC705176,2025-10-27 22:27,SP3274,KH-CF-03,659.0,duplicate_resubmission_second_entry,0
WC705177,2025-10-26 23:02,SP3377,KH-AF-03,2408.0,duplicate_resubmission_second_entry,0
WC705198,2025-10-30 05:31,SP3275,KH-CF-02,867.0,duplicate_resubmission_second_entry,0
WC705202,2025-10-28 09:35,SP3127,KH-CF-03,3614.0,duplicate_resubmission_second_entry,0
WC705207,2025-10-30 14:16,SP3214,KH-RH-02,352.0,duplicate_resubmission_second_entry,0
WC705236,2025-10-28 23:11,SP3321,KH-RV-01,1450.0,duplicate_resubmission_second_entry,0
WC705250,2025-10-29 13:55,SP3351,KH-WP-01,4168.0,duplicate_resubmission_second_entry,
WC705267,2025-11-02 02:09,SP3207,KH-RH-01,1257.0,duplicate_resubmission_second_entry,1
WC705294,2025-11-02 08:22,SP3321,KH-AF-02,2620.0,duplicate_resubmission_second_entry,0
WC705304,2025-11-03 19:47,SP3372,KH-MG-01,700.0,duplicate_resubmission_second_entry,0
WC705336,2025-10-31 14:49,SP3117,KH-MG-02,1440.0,duplicate_resubmission_second_entry,0
WC705339,2025-11-03 18:29,SP3218,KH-RH-02,1052.0,duplicate_resubmission_second_entry,0
WC705340,2025-11-04 18:29,SP3042,KH-CF-03,962.0,duplicate_resubmission_second_entry,0
WC705343,2025-11-01 20:52,SP3291,KH-CF-02,791.0,duplicate_resubmission_second_entry,0
WC705387,2025-11-02 17:47,SP3020,KH-RH-03,911.0,duplicate_resubmission_second_entry,0
WC705455,2025-11-07 18:58,SP3013,KH-AF-01,955.0,duplicate_resubmission_second_entry,0
WC705456,2025-11-09 19:28,SP3054,KH-CF-01,580.0,duplicate_resubmission_second_entry,0
WC705469,2025-11-07 07:49,SP3130,KH-WP-03,3961.0,duplicate_resubmission_second_entry,0
WC705474,2025-11-08 12:43,SP3195,KH-RH-02,988.0,duplicate_resubmission_second_entry,0
WC705493,2025-11-07 00:33,SP3146,KH-AF-03,3756.0,duplicate_resubmission_second_entry,0
WC705522,2025-11-09 11:27,SP3114,KH-RV-02,9101.0,duplicate_resubmission_second_entry,0
WC705527,2025-11-10 14:24,SP3192,KH-AF-02,1113.0,duplicate_resubmission_second_entry,0
WC705529,2025-11-08 15:52,SP3379,KH-CF-02,987.0,duplicate_resubmission_second_entry,0
WC705536,2025-11-13 06:38,SP3024,KH-WP-01,1467.0,duplicate_resubmission_second_entry,0
WC705543,2025-11-12 13:18,SP3321,KH-IC-03,531.0,duplicate_resubmission_second_entry,0
WC705544,2025-11-11 13:54,SP3164,KH-RH-03,915.0,duplicate_resubmission_second_entry,0
WC705545,2025-11-09 15:32,SP3065,KH-RH-02,703.0,duplicate_resubmission_second_entry,0
WC705556,2025-11-14 07:52,SP3258,KH-AF-01,1349.0,duplicate_resubmission_second_entry,0
WC705560,2025-11-13 10:48,SP3067,KH-AF-02,4546.0,duplicate_resubmission_second_entry,0
WC705581,2025-11-12 09:53,SP3018,KH-MG-01,1739.0,duplicate_resubmission_second_entry,0
WC705590,2025-11-15 16:38,SP3378,KH-AF-02,871.0,duplicate_resubmission_second_entry,0
WC705611,2025-11-16 13:16,SP3028,KH-RH-02,1089.0,duplicate_resubmission_second_entry,0
WC705624,2025-11-17 08:53,SP3374,KH-MG-02,694.0,duplicate_resubmission_second_entry,0
WC705683,2025-11-15 18:56,SP3290,KH-IC-01,466.0,duplicate_resubmission_second_entry,0
WC705707,2025-11-19 20:37,SP3063,KH-MG-03,1883.0,duplicate_resubmission_second_entry,0
WC705721,2025-11-19 16:07,SP3015,KH-IC-02,1090.0,duplicate_resubmission_second_entry,0
WC705723,2025-11-19 18:05,SP3186,KH-WP-03,4523.0,duplicate_resubmission_second_entry,0
WC705735,2025-11-20 07:44,SP3273,KH-MG-03,994.0,duplicate_resubmission_second_entry,0
WC705753,2025-11-21 21:30,SP3031,KH-AF-01,626.0,duplicate_resubmission_second_entry,0
WC705763,2025-11-20 10:15,SP3054,KH-CF-03,1262.0,duplicate_resubmission_second_entry,0
WC705789,2025-11-21 14:21,SP3133,KH-WP-01,3634.0,duplicate_resubmission_second_entry,0
WC705795,2025-11-22 17:58,SP3222,KH-RV-02,9591.0,duplicate_resubmission_second_entry,0
WC705807,2025-11-21 06:02,SP3183,KH-RH-02,886.0,duplicate_resubmission_second_entry,0
WC705827,2025-11-22 21:00,SP3018,KH-AF-03,3121.0,duplicate_resubmission_second_entry,0
WC705835,2025-11-25 03:20,SP3293,KH-IC-03,963.0,duplicate_resubmission_second_entry,0
WC705848,2025-11-23 15:10,SP3179,KH-IC-01,1304.0,duplicate_resubmission_second_entry,0
WC705886,2025-11-25 02:43,SP3341,KH-WP-02,3213.0,duplicate_resubmission_second_entry,0
WC705900,2025-11-26 15:10,SP3266,KH-CF-02,664.0,duplicate_resubmission_second_entry,0
WC705908,2025-11-29 01:14,SP3157,KH-RH-02,696.0,duplicate_resubmission_second_entry,0
WC705929,2025-11-29 15:18,SP3259,KH-IC-03,545.0,duplicate_resubmission_second_entry,0
WC705933,2025-11-27 17:36,SP3288,KH-MG-03,2354.0,duplicate_resubmission_second_entry,0
WC705934,2025-11-28 18:14,SP3154,KH-MG-02,1898.0,duplicate_resubmission_second_entry,0
WC705938,2025-11-28 02:10,SP3321,KH-MG-03,2202.0,duplicate_resubmission_second_entry,0
WC705956,2025-11-26 16:16,SP3116,KH-MG-02,1271.0,duplicate_resubmission_second_entry,0
WC705966,2025-11-29 23:25,SP3362,KH-CF-01,2033.0,duplicate_resubmission_second_entry,0
WC705969,2025-11-28 03:31,SP3028,KH-RH-02,963.0,duplicate_resubmission_second_entry,0
WC705976,2025-11-27 07:35,SP3204,KH-AF-01,2270.0,duplicate_resubmission_second_entry,0
WC706013,2025-11-30 08:55,SP3372,KH-RH-01,681.0,duplicate_resubmission_second_entry,0
WC706020,2025-11-28 16:30,SP3372,KH-RH-01,480.0,duplicate_resubmission_second_entry,0
WC706025,2025-12-02 18:21,SP3258,KH-WP-01,2166.0,duplicate_resubmission_second_entry,0
WC706059,2025-12-02 08:38,SP3137,KH-RV-02,5861.0,duplicate_resubmission_second_entry,0
WC706087,2025-12-05 04:57,SP3111,KH-WP-03,4961.0,duplicate_resubmission_second_entry,0
WC706128,2025-12-05 21:54,SP3073,KH-AF-03,2902.0,duplicate_resubmission_second_entry,0
WC706129,2025-12-06 22:00,SP3302,KH-MG-03,3287.0,duplicate_resubmission_second_entry,0
WC706149,2025-12-07 14:06,SP3013,KH-RH-01,332.0,duplicate_resubmission_second_entry,0
WC706165,2025-12-04 09:46,SP3182,KH-RH-02,969.0,duplicate_resubmission_second_entry,0
WC706193,2025-12-09 11:04,SP3042,KH-RV-03,9078.0,duplicate_resubmission_second_entry,0
WC706205,2025-12-06 22:27,SP3012,KH-MG-02,1524.0,duplicate_resubmission_second_entry,0
WC706308,2025-12-12 18:19,SP3183,KH-AF-01,735.0,duplicate_resubmission_second_entry,0
WC706317,2025-12-14 04:14,SP3096,KH-IC-01,532.0,duplicate_resubmission_second_entry,0
WC706322,2025-12-12 07:46,SP3248,KH-RV-03,11112.0,duplicate_resubmission_second_entry,
WC706374,2025-12-16 10:55,SP3360,KH-WP-02,860.0,duplicate_resubmission_second_entry,0
WC706382,2025-12-12 13:41,SP3192,KH-MG-03,1450.0,duplicate_resubmission_second_entry,0
WC706387,2025-12-15 20:58,SP3168,KH-RH-02,574.0,duplicate_resubmission_second_entry,0
WC706418,2025-12-16 02:47,SP3212,KH-WP-01,3223.0,duplicate_resubmission_second_entry,0
WC706443,2025-12-17 21:11,SP3209,KH-MG-01,815.0,duplicate_resubmission_second_entry,0
WC706461,2025-12-18 11:44,SP3190,KH-RH-01,500.0,duplicate_resubmission_second_entry,0
WC706470,2025-12-16 19:28,SP3290,KH-MG-01,499.0,duplicate_resubmission_second_entry,0
WC706476,2025-12-18 03:50,SP3200,KH-AF-01,2307.0,duplicate_resubmission_second_entry,0
WC706487,2025-12-17 12:07,SP3273,KH-IC-01,607.0,duplicate_resubmission_second_entry,0
WC706490,2025-12-16 15:12,SP3036,KH-CF-01,457.0,duplicate_resubmission_second_entry,0
WC706493,2025-12-16 17:08,SP3056,KH-RH-01,870.0,duplicate_resubmission_second_entry,0
WC706506,2025-12-17 00:58,SP3102,KH-CF-03,1243.0,duplicate_resubmission_second_entry,0
WC706519,2025-12-19 14:52,SP3249,KH-RH-03,517.0,duplicate_resubmission_second_entry,0
WC706543,2025-12-19 14:54,SP3040,KH-RH-01,554.0,duplicate_resubmission_second_entry,0
WC706562,2025-12-21 08:07,SP3072,KH-CF-03,1196.0,duplicate_resubmission_second_entry,0
WC706593,2025-12-21 13:35,SP3110,KH-WP-01,5325.0,duplicate_resubmission_second_entry,0
WC706644,2025-12-26 16:13,SP3279,KH-RV-01,7414.0,duplicate_resubmission_second_entry,0
WC706645,2025-12-24 16:48,SP3335,KH-MG-02,2194.0,duplicate_resubmission_second_entry,0
WC706646,2025-12-25 18:29,SP3180,KH-MG-01,1049.0,duplicate_resubmission_second_entry,0
WC706658,2025-12-24 00:59,SP3074,KH-CF-03,1144.0,duplicate_resubmission_second_entry,0
WC706668,2025-12-23 11:39,SP3021,KH-IC-01,674.0,duplicate_resubmission_second_entry,0
WC706679,2025-12-23 20:39,SP3328,KH-CF-01,1764.0,duplicate_resubmission_second_entry,0
WC706682,2025-12-27 00:22,SP3335,KH-CF-03,853.0,duplicate_resubmission_second_entry,0
WC706693,2025-12-28 05:10,SP3067,KH-RV-02,3266.0,duplicate_resubmission_second_entry,0
WC706710,2025-12-24 22:01,SP3250,KH-CF-03,1264.0,duplicate_resubmission_second_entry,0
WC706713,2025-12-27 00:32,SP3303,KH-MG-03,2988.0,duplicate_resubmission_second_entry,0
WC706731,2025-12-29 11:30,SP3163,KH-CF-03,2822.0,duplicate_resubmission_second_entry,0
WC706752,2025-12-27 12:20,SP3135,KH-RV-03,11240.0,duplicate_resubmission_second_entry,0
WC706753,2025-12-30 12:41,SP3335,KH-RH-02,335.0,duplicate_resubmission_second_entry,0
WC706796,2025-12-31 06:29,SP3035,KH-RH-02,975.0,duplicate_resubmission_second_entry,0
WC706900,2025-12-31 22:53,SP3267,KH-RH-01,642.0,duplicate_resubmission_second_entry,0
WC706914,2026-01-05 17:24,SP3075,KH-CF-02,1079.0,duplicate_resubmission_second_entry,0
WC706920,2026-01-03 19:48,SP3165,KH-WP-03,2840.0,duplicate_resubmission_second_entry,0
WC706927,2026-01-06 01:51,SP3035,KH-RH-02,738.0,duplicate_resubmission_second_entry,0
WC706928,2026-01-02 04:22,SP3043,KH-RH-01,360.0,duplicate_resubmission_second_entry,0
WC706975,2026-01-05 22:24,SP3315,KH-RV-02,4815.0,duplicate_resubmission_second_entry,0
WC706999,2026-01-07 18:44,SP3222,KH-RH-02,397.0,duplicate_resubmission_second_entry,0
WC707017,2026-01-09 11:55,SP3349,KH-IC-02,619.0,duplicate_resubmission_second_entry,0
WC707027,2026-01-08 22:25,SP3361,KH-CF-03,1537.0,duplicate_resubmission_second_entry,0
WC707032,2026-01-09 03:13,SP3228,KH-RH-03,673.0,duplicate_resubmission_second_entry,0
WC707044,2026-01-06 14:26,SP3331,KH-IC-03,1673.0,duplicate_resubmission_second_entry,0
WC707055,2026-01-09 03:41,SP3304,KH-RV-03,9312.0,duplicate_resubmission_second_entry,0
WC707064,2026-01-07 14:35,SP3226,KH-MG-01,753.0,duplicate_resubmission_second_entry,0
WC707111,2026-01-10 00:40,SP3345,KH-RH-03,539.0,duplicate_resubmission_second_entry,0
WC707173,2026-01-12 22:04,SP3103,KH-RH-01,1544.0,duplicate_resubmission_second_entry,0
WC707195,2026-01-14 11:33,SP3002,KH-MG-02,804.0,duplicate_resubmission_second_entry,0
WC707206,2026-01-17 06:40,SP3180,KH-IC-02,337.0,duplicate_resubmission_second_entry,
WC707248,2026-01-16 00:36,SP3237,KH-WP-02,6664.0,duplicate_resubmission_second_entry,0
WC707268,2026-01-18 18:48,SP3248,KH-MG-01,1123.0,duplicate_resubmission_second_entry,0
WC707273,2026-01-20 00:14,SP3290,KH-WP-01,3128.0,duplicate_resubmission_second_entry,0
WC707289,2026-01-17 21:30,SP3065,KH-MG-01,1127.0,duplicate_resubmission_second_entry,0
WC707300,2026-01-17 06:08,SP3320,KH-CF-03,1262.0,duplicate_resubmission_second_entry,0
WC707303,2026-01-20 10:39,SP3198,KH-RV-03,9234.0,duplicate_resubmission_second_entry,0
WC707310,2026-01-18 22:10,SP3089,KH-RV-03,6599.0,duplicate_resubmission_second_entry,0
WC707327,2026-01-21 15:11,SP3249,KH-AF-02,2276.0,duplicate_resubmission_second_entry,0
WC707351,2026-01-20 13:51,SP3017,KH-RV-02,8936.0,duplicate_resubmission_second_entry,0
WC707413,2026-01-22 07:44,SP3198,KH-RV-02,4537.0,duplicate_resubmission_second_entry,0
WC707424,2026-01-26 19:21,SP3267,KH-AF-03,1284.0,duplicate_resubmission_second_entry,0
WC707433,2026-01-23 01:33,SP3038,KH-RV-01,4322.0,duplicate_resubmission_second_entry,0
WC707437,2026-01-23 05:24,SP3145,KH-AF-01,1919.0,duplicate_resubmission_second_entry,0
WC707453,2026-01-26 22:01,SP3301,KH-IC-03,2098.0,duplicate_resubmission_second_entry,0
WC707467,2026-01-27 11:58,SP3127,KH-AF-03,2709.0,duplicate_resubmission_second_entry,0
WC707487,2026-01-27 07:34,SP3234,KH-MG-01,964.0,duplicate_resubmission_second_entry,0
WC707495,2026-01-29 17:05,SP3142,KH-IC-02,848.0,duplicate_resubmission_second_entry,0
WC707508,2026-01-27 08:57,SP3379,KH-WP-03,6995.0,duplicate_resubmission_second_entry,0
WC707511,2026-01-26 10:13,SP3280,KH-MG-03,2940.0,duplicate_resubmission_second_entry,0
WC707514,2026-01-30 13:20,SP3325,KH-WP-01,5258.0,duplicate_resubmission_second_entry,0
WC707533,2026-01-28 06:23,SP3181,KH-MG-01,312.0,duplicate_resubmission_second_entry,0
WC707574,2026-01-30 20:31,SP3301,KH-AF-01,831.0,duplicate_resubmission_second_entry,0
WC707578,2026-01-29 03:12,SP3261,KH-RV-02,11247.0,duplicate_resubmission_second_entry,0
WC707603,2026-02-03 00:53,SP3178,KH-RV-01,7967.0,duplicate_resubmission_second_entry,
WC707612,2026-02-01 10:52,SP3171,KH-WP-01,2162.0,duplicate_resubmission_second_entry,0
WC707614,2026-01-31 12:14,SP3268,KH-CF-01,915.0,duplicate_resubmission_second_entry,0
WC707647,2026-02-03 14:09,SP3138,KH-RV-03,16679.0,duplicate_resubmission_second_entry,0
WC707655,2026-02-04 19:42,SP3087,KH-RV-01,4058.0,duplicate_resubmission_second_entry,0
WC707662,2026-02-04 06:11,SP3079,KH-CF-01,1491.0,duplicate_resubmission_second_entry,0
WC707663,2026-02-01 06:51,SP3345,KH-AF-01,546.0,duplicate_resubmission_second_entry,0
WC707677,2026-02-02 22:25,SP3186,KH-CF-01,681.0,duplicate_resubmission_second_entry,0
WC707718,2026-02-06 05:59,SP3275,KH-RH-02,1412.0,duplicate_resubmission_second_entry,0
WC707725,2026-02-03 11:15,SP3250,KH-CF-03,2395.0,duplicate_resubmission_second_entry,0
WC707735,2026-02-03 20:53,SP3114,KH-AF-03,2225.0,duplicate_resubmission_second_entry,0
WC707736,2026-02-04 20:54,SP3098,KH-RH-01,614.0,duplicate_resubmission_second_entry,0
WC707753,2026-02-05 08:17,SP3301,KH-WP-01,5997.0,duplicate_resubmission_second_entry,0
WC707768,2026-02-08 23:50,SP3291,KH-RV-02,4564.0,duplicate_resubmission_second_entry,0
WC707770,2026-02-07 01:11,SP3237,KH-RH-03,1640.0,duplicate_resubmission_second_entry,0
WC707788,2026-02-05 18:26,SP3058,KH-IC-02,537.0,duplicate_resubmission_second_entry,0
WC707798,2026-02-08 01:18,SP3119,KH-IC-02,2275.0,duplicate_resubmission_second_entry,0
WC707827,2026-02-09 10:33,SP3201,KH-IC-02,981.0,duplicate_resubmission_second_entry,0
WC707842,2026-02-09 23:40,SP3172,KH-RV-03,7355.0,duplicate_resubmission_second_entry,0
WC707854,2026-02-10 08:40,SP3083,KH-RV-01,3279.0,duplicate_resubmission_second_entry,0
WC707860,2026-02-12 16:53,SP3279,KH-MG-02,1476.0,duplicate_resubmission_second_entry,0
WC707890,2026-02-10 20:36,SP3124,KH-IC-02,1013.0,duplicate_resubmission_second_entry,0
WC707913,2026-02-13 21:23,SP3196,KH-IC-03,1527.0,duplicate_resubmission_second_entry,0
WC707917,2026-02-14 23:06,SP3197,KH-RV-02,7098.0,duplicate_resubmission_second_entry,0
WC707921,2026-02-12 01:52,SP3134,KH-RH-03,561.0,duplicate_resubmission_second_entry,0
WC707931,2026-02-13 10:24,SP3200,KH-RH-03,636.0,duplicate_resubmission_second_entry,0
WC707947,2026-02-12 09:31,SP3211,KH-MG-03,937.0,duplicate_resubmission_second_entry,0
WC707958,2026-02-15 20:22,SP3094,KH-CF-02,1763.0,duplicate_resubmission_second_entry,0
WC707978,2026-02-15 17:44,SP3129,KH-MG-03,4100.0,duplicate_resubmission_second_entry,
WC708004,2026-02-16 13:04,SP3019,KH-AF-03,1849.0,duplicate_resubmission_second_entry,0
WC708024,2026-02-16 03:40,SP3238,KH-CF-01,611.0,duplicate_resubmission_second_entry,0
WC708029,2026-02-16 10:16,SP3009,KH-RH-03,1331.0,duplicate_resubmission_second_entry,0
WC708093,2026-02-20 16:37,SP3258,KH-AF-03,5253.0,duplicate_resubmission_second_entry,0
WC708099,2026-02-19 23:11,SP3264,KH-MG-02,1196.0,duplicate_resubmission_second_entry,0
WC708115,2026-02-18 12:15,SP3324,KH-CF-03,1493.0,duplicate_resubmission_second_entry,0
WC708176,2026-02-23 04:51,SP3125,KH-RH-03,506.0,duplicate_resubmission_second_entry,0
WC708208,2026-02-24 18:22,SP3095,KH-CF-03,967.0,duplicate_resubmission_second_entry,0
WC708211,2026-02-26 22:59,SP3254,KH-RH-03,1889.0,duplicate_resubmission_second_entry,0
WC708215,2026-02-26 01:58,SP3163,KH-WP-01,2761.0,duplicate_resubmission_second_entry,0
WC708228,2026-02-24 14:18,SP3133,KH-MG-02,1563.0,duplicate_resubmission_second_entry,0
WC708268,2026-03-01 00:08,SP3015,KH-IC-01,783.0,duplicate_resubmission_second_entry,0
WC708287,2026-02-27 12:47,SP3260,KH-CF-03,1679.0,duplicate_resubmission_second_entry,0
WC708324,2026-03-03 06:38,SP3291,KH-RH-01,588.0,duplicate_resubmission_second_entry,0
WC708331,2026-02-28 12:28,SP3138,KH-WP-03,7660.0,duplicate_resubmission_second_entry,0
WC708343,2026-02-28 23:14,SP3290,KH-IC-01,957.0,duplicate_resubmission_second_entry,0
WC708389,2026-03-03 23:11,SP3337,KH-IC-01,744.0,duplicate_resubmission_second_entry,0
WC708417,2026-03-03 05:51,SP3269,KH-RH-01,349.0,duplicate_resubmission_second_entry,0
WC708423,2026-03-05 09:03,SP3275,KH-CF-02,870.0,duplicate_resubmission_second_entry,0
WC708428,2026-03-06 09:51,SP3160,KH-AF-01,2606.0,duplicate_resubmission_second_entry,0
WC708435,2026-03-07 14:48,SP3277,KH-RV-01,4709.0,duplicate_resubmission_second_entry,0
WC708442,2026-03-05 23:43,SP3101,KH-IC-02,1672.0,duplicate_resubmission_second_entry,0
WC708455,2026-03-06 14:24,SP3047,KH-WP-02,5097.0,duplicate_resubmission_second_entry,0
WC708461,2026-03-06 16:19,SP3246,KH-MG-03,1404.0,duplicate_resubmission_second_entry,0
WC708490,2026-03-09 21:42,SP3166,KH-IC-02,1459.0,duplicate_resubmission_second_entry,0
WC708503,2026-03-10 06:52,SP3349,KH-RH-03,608.0,duplicate_resubmission_second_entry,
WC708506,2026-03-07 08:05,SP3028,KH-RV-01,7868.0,duplicate_resubmission_second_entry,0
WC708515,2026-03-10 18:52,SP3098,KH-RH-01,589.0,duplicate_resubmission_second_entry,0
WC708535,2026-03-08 13:37,SP3080,KH-AF-02,868.0,duplicate_resubmission_second_entry,0
WC708537,2026-03-09 17:57,SP3289,KH-CF-01,1108.0,duplicate_resubmission_second_entry,
WC708553,2026-03-08 11:55,SP3001,KH-MG-02,739.0,duplicate_resubmission_second_entry,0
WC708558,2026-03-11 15:31,SP3251,KH-IC-01,1270.0,duplicate_resubmission_second_entry,0
WC708559,2026-03-11 15:41,SP3162,KH-AF-01,1778.0,duplicate_resubmission_second_entry,0
WC708581,2026-03-12 11:30,SP3050,KH-MG-01,768.0,duplicate_resubmission_second_entry,0
WC708594,2026-03-13 02:47,SP3067,KH-IC-02,1004.0,duplicate_resubmission_second_entry,0
WC708606,2026-03-13 14:43,SP3151,KH-RH-03,1564.0,duplicate_resubmission_second_entry,0
WC708624,2026-03-11 08:03,SP3348,KH-RH-03,814.0,duplicate_resubmission_second_entry,0
WC708639,2026-03-11 18:33,SP3075,KH-RV-03,16494.0,duplicate_resubmission_second_entry,0
WC708656,2026-03-16 14:46,SP3053,KH-AF-02,2832.0,duplicate_resubmission_second_entry,0
WC708657,2026-03-16 15:11,SP3180,KH-IC-02,1664.0,duplicate_resubmission_second_entry,0
WC708694,2026-03-14 00:15,SP3109,KH-CF-03,2036.0,duplicate_resubmission_second_entry,0
WC708698,2026-03-14 03:20,SP3232,KH-IC-02,826.0,duplicate_resubmission_second_entry,0
WC708705,2026-03-16 08:08,SP3180,KH-CF-01,640.0,duplicate_resubmission_second_entry,0
WC708719,2026-03-17 01:10,SP3302,KH-AF-01,1125.0,duplicate_resubmission_second_entry,0
WC708725,2026-03-15 14:40,SP3057,KH-RV-03,11212.0,duplicate_resubmission_second_entry,0
WC708736,2026-03-16 01:14,SP3244,KH-RV-01,10965.0,duplicate_resubmission_second_entry,0
WC708741,2026-03-17 05:17,SP3066,KH-CF-02,574.0,duplicate_resubmission_second_entry,0
WC708749,2026-03-19 19:28,SP3045,KH-MG-03,2595.0,duplicate_resubmission_second_entry,0
WC708760,2026-03-20 02:39,SP3282,KH-RV-03,5105.0,duplicate_resubmission_second_entry,0
WC708775,2026-03-20 18:33,SP3070,KH-RV-01,9113.0,duplicate_resubmission_second_entry,0
WC708804,2026-03-23 04:55,SP3160,KH-CF-03,1899.0,duplicate_resubmission_second_entry,0
WC708807,2026-03-20 07:06,SP3377,KH-WP-03,7471.0,duplicate_resubmission_second_entry,0
WC708809,2026-03-19 07:33,SP3102,KH-RH-02,1110.0,duplicate_resubmission_second_entry,0
WC708824,2026-03-21 01:55,SP3012,KH-MG-02,652.0,duplicate_resubmission_second_entry,0
WC708871,2026-03-25 22:13,SP3001,KH-IC-02,1047.0,duplicate_resubmission_second_entry,0
WC708872,2026-03-22 23:42,SP3038,KH-CF-01,292.0,duplicate_resubmission_second_entry,0
WC708910,2026-03-26 15:24,SP3318,KH-WP-02,2346.0,duplicate_resubmission_second_entry,0
WC708915,2026-03-24 22:39,SP3232,KH-CF-02,521.0,duplicate_resubmission_second_entry,0
WC708943,2026-03-29 09:15,SP3202,KH-RV-02,9442.0,duplicate_resubmission_second_entry,0
WC708960,2026-03-26 22:29,SP3045,KH-AF-02,1368.0,duplicate_resubmission_second_entry,0
WC708962,2026-03-28 01:03,SP3193,KH-WP-01,2675.0,duplicate_resubmission_second_entry,0
WC708987,2026-03-30 04:32,SP3097,KH-WP-03,6609.0,duplicate_resubmission_second_entry,0
WC709044,2026-04-01 00:10,SP3073,KH-AF-01,1858.0,duplicate_resubmission_second_entry,0
WC709051,2026-04-02 08:50,SP3157,KH-MG-03,1080.0,duplicate_resubmission_second_entry,0
WC709065,2026-04-01 23:10,SP3358,KH-RH-03,279.0,duplicate_resubmission_second_entry,0
WC709073,2026-03-30 08:36,SP3214,KH-AF-02,1305.0,duplicate_resubmission_second_entry,0
WC709091,2026-04-01 02:18,SP3166,KH-IC-03,1026.0,duplicate_resubmission_second_entry,0
WC709107,2026-04-01 14:11,SP3108,KH-AF-01,1493.0,duplicate_resubmission_second_entry,0
WC709163,2026-04-05 12:46,SP3372,KH-MG-01,897.0,duplicate_resubmission_second_entry,0
WC709164,2026-04-05 13:59,SP3360,KH-IC-02,2699.0,duplicate_resubmission_second_entry,0
WC709189,2026-04-03 05:55,SP3169,KH-RH-02,489.0,duplicate_resubmission_second_entry,0
WC709218,2026-04-07 06:56,SP3330,KH-RH-02,343.0,duplicate_resubmission_second_entry,0
WC709229,2026-04-08 19:11,SP3196,KH-AF-02,815.0,duplicate_resubmission_second_entry,0
WC709295,2026-04-08 08:25,SP3288,KH-MG-03,1640.0,duplicate_resubmission_second_entry,0
WC709304,2026-04-08 15:27,SP3325,KH-RV-02,3799.0,duplicate_resubmission_second_entry,0
WC709340,2026-04-09 11:21,SP3309,KH-CF-02,801.0,duplicate_resubmission_second_entry,0
WC709345,2026-04-12 13:34,SP3108,KH-RH-03,841.0,duplicate_resubmission_second_entry,0
WC709356,2026-04-10 23:27,SP3376,KH-WP-01,5636.0,duplicate_resubmission_second_entry,0
WC709387,2026-04-14 05:36,SP3279,KH-IC-02,909.0,duplicate_resubmission_second_entry,0
WC709390,2026-04-12 08:57,SP3261,KH-AF-01,1913.0,duplicate_resubmission_second_entry,0
WC709409,2026-04-15 06:13,SP3019,KH-RH-03,501.0,duplicate_resubmission_second_entry,0
WC709412,2026-04-16 07:12,SP3112,KH-RV-02,9038.0,duplicate_resubmission_second_entry,0
WC709416,2026-04-14 13:54,SP3016,KH-MG-01,388.0,duplicate_resubmission_second_entry,0
WC709461,2026-04-18 13:05,SP3072,KH-RV-02,6448.0,duplicate_resubmission_second_entry,
WC709472,2026-04-14 22:23,SP3262,KH-AF-02,829.0,duplicate_resubmission_second_entry,0
WC709522,2026-04-20 23:18,SP3154,KH-CF-02,599.0,duplicate_resubmission_second_entry,0
WC709530,2026-04-19 07:20,SP3094,KH-MG-02,2080.0,duplicate_resubmission_second_entry,0
WC709541,2026-04-21 16:57,SP3220,KH-WP-01,3948.0,duplicate_resubmission_second_entry,0
WC709546,2026-04-18 21:16,SP3002,KH-MG-03,1888.0,duplicate_resubmission_second_entry,0
WC709551,2026-04-19 01:27,SP3278,KH-RH-02,879.0,duplicate_resubmission_second_entry,0
WC709562,2026-04-21 15:02,SP3343,KH-RH-01,250.0,duplicate_resubmission_second_entry,0
WC709572,2026-04-23 04:56,SP3162,KH-RV-03,7800.0,duplicate_resubmission_second_entry,0
WC709603,2026-04-21 16:53,SP3177,KH-CF-01,542.0,duplicate_resubmission_second_entry,0
WC709633,2026-04-25 13:54,SP3379,KH-IC-02,390.0,duplicate_resubmission_second_entry,0
WC709640,2026-04-25 20:21,SP3111,KH-IC-03,401.0,duplicate_resubmission_second_entry,0
WC709642,2026-04-24 22:31,SP3333,KH-CF-02,949.0,duplicate_resubmission_second_entry,
WC709648,2026-04-26 04:01,SP3244,KH-IC-03,968.0,duplicate_resubmission_second_entry,0
WC709652,2026-04-23 09:36,SP3363,KH-IC-02,997.0,duplicate_resubmission_second_entry,0
WC709653,2026-04-23 10:30,SP3153,KH-IC-03,973.0,duplicate_resubmission_second_entry,0
WC709655,2026-04-24 11:45,SP3353,KH-AF-03,1066.0,duplicate_resubmission_second_entry,0
WC709688,2026-04-26 11:43,SP3310,KH-CF-01,647.0,duplicate_resubmission_second_entry,0
WC709700,2026-04-24 00:07,SP3355,KH-IC-02,1923.0,duplicate_resubmission_second_entry,0
WC709705,2026-04-27 06:16,SP3173,KH-MG-01,292.0,duplicate_resubmission_second_entry,0
WC709722,2026-04-26 01:03,SP3172,KH-WP-03,5296.0,duplicate_resubmission_second_entry,0
WC709727,2026-04-25 04:17,SP3352,KH-MG-03,1391.0,duplicate_resubmission_second_entry,0
WC709730,2026-04-25 09:26,SP3189,KH-CF-03,1038.0,duplicate_resubmission_second_entry,0
WC709798,2026-05-01 01:41,SP3015,KH-IC-01,552.0,duplicate_resubmission_second_entry,0
WC709807,2026-05-02 10:19,SP3259,KH-MG-01,1056.0,duplicate_resubmission_second_entry,0
WC709827,2026-05-01 12:14,SP3173,KH-MG-02,2618.0,duplicate_resubmission_second_entry,
WC709840,2026-05-01 00:31,SP3269,KH-WP-03,7394.0,duplicate_resubmission_second_entry,0
WC709853,2026-05-03 15:00,SP3067,KH-MG-02,872.0,duplicate_resubmission_second_entry,0
WC709861,2026-05-02 22:26,SP3142,KH-WP-02,3981.0,duplicate_resubmission_second_entry,0
WC709866,2026-05-05 02:11,SP3246,KH-IC-01,509.0,duplicate_resubmission_second_entry,0
WC709873,2026-05-03 10:35,SP3173,KH-WP-03,3252.0,duplicate_resubmission_second_entry,0
WC709875,2026-05-04 12:59,SP3114,KH-RH-03,897.0,duplicate_resubmission_second_entry,0
WC709880,2026-05-04 19:49,SP3160,KH-MG-02,1213.0,duplicate_resubmission_second_entry,0
WC709944,2026-05-08 00:57,SP3266,KH-MG-02,542.0,duplicate_resubmission_second_entry,0
WC710000,2026-05-11 16:59,SP3283,KH-WP-01,1175.0,duplicate_resubmission_second_entry,0
WC710032,2026-05-11 07:00,SP3258,KH-CF-03,1198.0,duplicate_resubmission_second_entry,
WC710041,2026-05-12 15:51,SP3377,KH-MG-03,966.0,duplicate_resubmission_second_entry,0
WC710055,2026-05-10 09:19,SP3322,KH-WP-02,9119.0,duplicate_resubmission_second_entry,
WC710069,2026-05-12 17:20,SP3129,KH-RH-01,522.0,duplicate_resubmission_second_entry,0
WC710081,2026-05-13 02:49,SP3180,KH-IC-02,1995.0,duplicate_resubmission_second_entry,0
WC710088,2026-05-15 11:27,SP3032,KH-IC-01,729.0,duplicate_resubmission_second_entry,0
WC710105,2026-05-12 00:45,SP3318,KH-WP-01,1995.0,duplicate_resubmission_second_entry,1
WC710126,2026-05-12 12:54,SP3188,KH-RV-03,1701.0,duplicate_resubmission_second_entry,0
WC710131,2026-05-15 20:12,SP3081,KH-IC-01,738.0,duplicate_resubmission_second_entry,0
WC710134,2026-05-14 22:06,SP3338,KH-MG-03,1685.0,duplicate_resubmission_second_entry,0
WC710150,2026-05-14 17:49,SP3333,KH-RV-01,6368.0,duplicate_resubmission_second_entry,0
WC710154,2026-05-17 22:37,SP3235,KH-RH-02,897.0,duplicate_resubmission_second_entry,0
WC710195,2026-05-20 02:28,SP3096,KH-MG-03,3417.0,duplicate_resubmission_second_entry,0
WC710198,2026-05-17 05:30,SP3177,KH-CF-02,1414.0,duplicate_resubmission_second_entry,0
WC710225,2026-05-18 01:20,SP3247,KH-RH-03,1995.0,duplicate_resubmission_second_entry,0
WC710229,2026-05-17 04:37,SP3137,KH-RH-02,1202.0,duplicate_resubmission_second_entry,0
WC710235,2026-05-19 07:07,SP3154,KH-AF-01,1066.0,duplicate_resubmission_second_entry,0
WC710247,2026-05-20 20:38,SP3269,KH-AF-03,1107.0,duplicate_resubmission_second_entry,0
WC710262,2026-05-22 08:37,SP3312,KH-CF-01,720.0,duplicate_resubmission_second_entry,0
WC710278,2026-05-23 03:09,SP3263,KH-CF-01,1995.0,duplicate_resubmission_second_entry,0
WC710282,2026-05-22 05:48,SP3080,KH-MG-01,1591.0,duplicate_resubmission_second_entry,0
WC710285,2026-05-23 08:02,SP3279,KH-AF-03,3328.0,duplicate_resubmission_second_entry,0
WC710297,2026-05-23 00:58,SP3224,KH-CF-02,1302.0,duplicate_resubmission_second_entry,0
WC710349,2026-05-25 02:42,SP3065,KH-MG-03,1510.0,duplicate_resubmission_second_entry,0
WC710352,2026-05-22 04:18,SP3026,KH-AF-01,982.0,duplicate_resubmission_second_entry,0
WC710375,2026-05-26 20:56,SP3133,KH-MG-03,1426.0,duplicate_resubmission_second_entry,0
WC710399,2026-05-25 18:51,SP3094,KH-MG-02,852.0,duplicate_resubmission_second_entry,0
WC710429,2026-05-27 21:14,SP3183,KH-RH-02,838.0,duplicate_resubmission_second_entry,0
WC710435,2026-05-28 01:30,SP3239,KH-RH-03,1995.0,duplicate_resubmission_second_entry,0
WC710469,2026-05-30 07:29,SP3119,KH-IC-03,910.0,duplicate_resubmission_second_entry,0
WC710472,2026-05-30 08:27,SP3325,KH-MG-01,961.0,duplicate_resubmission_second_entry,0
WC710481,2026-05-27 12:27,SP3009,KH-MG-02,1292.0,duplicate_resubmission_second_entry,0
WC710488,2026-05-28 20:09,SP3257,KH-IC-01,250.0,duplicate_resubmission_second_entry,0
WC710502,2026-05-29 19:20,SP3104,KH-CF-03,961.0,duplicate_resubmission_second_entry,0
WC710519,2026-05-29 17:31,SP3305,KH-MG-02,1175.0,duplicate_resubmission_second_entry,0
WC710521,2026-06-01 18:01,SP3151,KH-CF-03,1684.0,duplicate_resubmission_second_entry,0
WC710551,2026-06-02 22:08,SP3120,KH-RH-03,1097.0,duplicate_resubmission_second_entry,0
WC710579,2026-06-03 08:28,SP3058,KH-RH-03,3036.0,duplicate_resubmission_second_entry,0
WC710582,2026-06-03 10:16,SP3080,KH-RH-01,1375.0,duplicate_resubmission_second_entry,0
WC710589,2026-06-03 18:24,SP3012,KH-CF-02,903.0,duplicate_resubmission_second_entry,0
WC710607,2026-06-04 13:48,SP3188,KH-RV-02,1787.0,duplicate_resubmission_second_entry,0
WC710617,2026-06-05 22:33,SP3130,KH-WP-02,9065.0,duplicate_resubmission_second_entry,0
WC710628,2026-06-03 08:06,SP3265,KH-AF-02,1710.0,duplicate_resubmission_second_entry,0
WC710630,2026-06-05 08:34,SP3144,KH-CF-01,1146.0,duplicate_resubmission_second_entry,0
WC710632,2026-06-06 09:21,SP3276,KH-RH-02,782.0,duplicate_resubmission_second_entry,0
WC710657,2026-06-07 08:44,SP3060,KH-AF-03,1737.0,duplicate_resubmission_second_entry,0
WC710659,2026-06-03 14:14,SP3133,KH-CF-01,904.0,duplicate_resubmission_second_entry,0
WC710660,2026-06-03 16:32,SP3212,KH-AF-03,3132.0,duplicate_resubmission_second_entry,0
WC710665,2026-06-07 20:51,SP3122,KH-IC-01,463.0,duplicate_resubmission_second_entry,0
WC710703,2026-06-08 07:42,SP3173,KH-IC-01,1198.0,duplicate_resubmission_second_entry,0
WC710714,2026-06-08 20:18,SP3153,KH-WP-03,4595.0,duplicate_resubmission_second_entry,0
WC710736,2026-06-10 04:32,SP3089,KH-AF-02,1430.0,duplicate_resubmission_second_entry,0
WC710749,2026-06-09 21:35,SP3065,KH-AF-01,1995.0,duplicate_resubmission_second_entry,0
WC710751,2026-06-09 00:43,SP3334,KH-AF-02,1357.0,duplicate_resubmission_second_entry,0
WC710766,2026-06-11 22:37,SP3123,KH-MG-03,777.0,duplicate_resubmission_second_entry,0
WC710789,2026-06-13 13:22,SP3370,KH-WP-01,3346.0,duplicate_resubmission_second_entry,0
WC710795,2026-06-10 14:43,SP3345,KH-AF-01,1415.0,duplicate_resubmission_second_entry,0
WC710810,2026-06-10 05:21,SP3302,KH-RV-03,1874.0,duplicate_resubmission_second_entry,0
WC710814,2026-06-10 08:38,SP3356,KH-RV-01,923.0,duplicate_resubmission_second_entry,0
WC710827,2026-06-12 21:35,SP3019,KH-WP-02,2750.0,duplicate_resubmission_second_entry,0
WC710842,2026-06-13 12:29,SP3218,KH-RV-02,10252.0,duplicate_resubmission_second_entry,0
WC710850,2026-06-13 22:10,SP3081,KH-RV-01,1995.0,duplicate_resubmission_second_entry,0
WC710865,2026-06-13 12:58,SP3132,KH-RH-02,1098.0,duplicate_resubmission_second_entry,0
WC710881,2026-06-16 10:28,SP3302,KH-AF-03,1589.0,duplicate_resubmission_second_entry,0
WC710899,2026-06-17 02:03,SP3030,KH-RH-02,634.0,duplicate_resubmission_second_entry,0
WC710911,2026-06-15 12:24,SP3159,KH-RH-03,743.0,duplicate_resubmission_second_entry,0
WC710929,2026-06-17 23:17,SP3148,KH-RV-01,1894.0,duplicate_resubmission_second_entry,0
WC710939,2026-06-18 05:57,SP3373,KH-MG-01,1756.0,duplicate_resubmission_second_entry,0
WC710956,2026-06-19 19:24,SP3150,KH-AF-02,2707.0,duplicate_resubmission_second_entry,0
WC710962,2026-06-20 01:31,SP3013,KH-RH-02,333.0,duplicate_resubmission_second_entry,0
WC710971,2026-06-20 10:01,SP3087,KH-RV-03,12612.0,duplicate_resubmission_second_entry,0
WC711004,2026-06-18 18:59,SP3120,KH-MG-02,1009.0,duplicate_resubmission_second_entry,0
WC711018,2026-06-20 09:15,SP3354,KH-IC-02,1952.0,duplicate_resubmission_second_entry,0
WC711043,2026-06-23 06:42,SP3335,KH-AF-03,4090.0,duplicate_resubmission_second_entry,0
WC711071,2026-06-21 13:05,SP3268,KH-MG-01,906.0,duplicate_resubmission_second_entry,0
WC711103,2026-06-24 00:06,SP3071,KH-AF-01,753.0,duplicate_resubmission_second_entry,0
WC711113,2026-06-25 08:12,SP3315,KH-WP-02,1730.0,duplicate_resubmission_second_entry,0
WC711138,2026-06-23 09:42,SP3146,KH-RH-03,809.0,duplicate_resubmission_second_entry,0
WC711143,2026-06-26 16:33,SP3010,KH-RH-01,1019.0,duplicate_resubmission_second_entry,0
WC711170,2026-06-27 01:15,SP3072,KH-RH-02,1013.0,duplicate_resubmission_second_entry,0
WC711173,2026-06-27 03:29,SP3279,KH-AF-03,1724.0,duplicate_resubmission_second_entry,0
WC711176,2026-06-26 04:18,SP3139,KH-RH-01,1393.0,duplicate_resubmission_second_entry,0
WC711240,2026-06-28 18:20,SP3189,KH-CF-03,1014.0,duplicate_resubmission_second_entry,0
WC711257,2026-06-28 09:39,SP3026,KH-CF-02,1600.0,duplicate_resubmission_second_entry,0
WC711284,2026-06-30 23:55,SP3126,KH-IC-01,777.0,duplicate_resubmission_second_entry,0
WC711289,2026-06-30 23:55,SP3179,KH-RV-01,4990.0,duplicate_resubmission_second_entry,0
WC711292,2026-06-30 23:55,SP3260,KH-IC-01,1298.0,duplicate_resubmission_second_entry,0
WC711336,2026-06-30 23:55,SP3140,KH-WP-02,1139.0,duplicate_resubmission_second_entry,0
WC711338,2026-06-30 23:55,SP3301,KH-RV-01,1080.0,duplicate_resubmission_second_entry,0
WC704606,2025-10-01 03:11,SP3289,KH-RH-01,695.0,open_case_undecided_target,
WC704631,2025-10-01 22:49,SP3151,KH-WP-03,4691.0,open_case_undecided_target,
WC704648,2025-10-02 16:44,SP3057,KH-WP-01,7378.0,open_case_undecided_target,
WC704669,2025-10-03 08:49,SP3377,KH-CF-02,529.0,open_case_undecided_target,
WC704673,2025-10-03 12:33,SP3303,KH-AF-03,1346.0,open_case_undecided_target,
WC704675,2025-10-03 13:30,SP3361,KH-RH-01,250.0,open_case_undecided_target,
WC704680,2025-10-03 19:53,SP3340,KH-CF-02,2347.0,open_case_undecided_target,
WC704688,2025-10-04 02:12,SP3151,KH-WP-03,7847.0,open_case_undecided_target,
WC704721,2025-10-05 07:14,SP3195,KH-AF-02,1889.0,open_case_undecided_target,
WC704737,2025-10-05 20:55,SP3213,KH-WP-03,5873.0,open_case_undecided_target,
WC704742,2025-10-06 02:07,SP3222,KH-RV-01,4427.0,open_case_undecided_target,
WC704849,2025-10-10 18:05,SP3002,KH-RV-03,5507.0,open_case_undecided_target,
WC704909,2025-10-12 23:54,SP3247,KH-RV-02,5544.0,open_case_undecided_target,
WC704914,2025-10-13 05:16,SP3264,KH-MG-01,1125.0,open_case_undecided_target,
WC704919,2025-10-13 07:13,SP3142,KH-WP-02,7135.0,open_case_undecided_target,
WC704960,2025-10-14 23:11,SP3204,KH-RV-01,8630.0,open_case_undecided_target,
WC704994,2025-10-16 07:09,SP3078,KH-MG-03,718.0,open_case_undecided_target,
WC704995,2025-10-16 12:09,SP3312,KH-CF-02,723.0,open_case_undecided_target,
WC705014,2025-10-17 08:14,SP3038,KH-CF-01,1302.0,open_case_undecided_target,
WC705191,2025-10-25 00:56,SP3092,KH-RV-01,11241.0,open_case_undecided_target,
WC705204,2025-10-25 12:31,SP3314,KH-AF-02,1441.0,open_case_undecided_target,
WC705231,2025-10-26 17:58,SP3138,KH-RV-03,3512.0,open_case_undecided_target,
WC705246,2025-10-27 10:49,SP3182,KH-WP-02,4293.0,open_case_undecided_target,
WC705250,2025-10-27 13:55,SP3351,KH-WP-01,4168.0,open_case_undecided_target,
WC705262,2025-10-27 23:18,SP3225,KH-WP-01,1377.0,open_case_undecided_target,
WC705345,2025-10-31 00:39,SP3257,KH-AF-02,1091.0,open_case_undecided_target,
WC705408,2025-11-02 16:27,SP3364,KH-IC-02,816.0,open_case_undecided_target,
WC705436,2025-11-04 03:48,SP3016,KH-MG-01,673.0,open_case_undecided_target,
WC705442,2025-11-04 09:20,SP3241,KH-RV-02,5335.0,open_case_undecided_target,
WC705489,2025-11-05 20:55,SP3288,KH-MG-03,1438.0,open_case_undecided_target,
WC705502,2025-11-06 13:08,SP3004,KH-MG-03,1145.0,open_case_undecided_target,
WC705578,2025-11-10 05:44,SP3335,KH-MG-02,1243.0,open_case_undecided_target,
WC705601,2025-11-11 05:13,SP3322,KH-RH-03,967.0,open_case_undecided_target,
WC705622,2025-11-12 06:29,SP3312,KH-WP-01,1759.0,open_case_undecided_target,
WC705631,2025-11-12 12:56,SP3220,KH-AF-02,1911.0,open_case_undecided_target,
WC705659,2025-11-13 22:08,SP3265,KH-RH-02,973.0,open_case_undecided_target,
WC705704,2025-11-15 13:24,SP3081,KH-WP-03,9291.0,open_case_undecided_target,
WC705777,2025-11-19 02:55,SP3210,KH-WP-03,3474.0,open_case_undecided_target,
WC705790,2025-11-19 14:41,SP3207,KH-RV-01,14330.0,open_case_undecided_target,
WC705806,2025-11-20 05:59,SP3097,KH-AF-03,1655.0,open_case_undecided_target,
WC705892,2025-11-23 07:18,SP3083,KH-RV-01,4696.0,open_case_undecided_target,
WC705893,2025-11-23 10:53,SP3203,KH-AF-01,1093.0,open_case_undecided_target,
WC705971,2025-11-26 04:28,SP3114,KH-IC-02,573.0,open_case_undecided_target,
WC705993,2025-11-26 20:16,SP3299,KH-CF-02,939.0,open_case_undecided_target,
WC706003,2025-11-27 01:17,SP3178,KH-WP-01,6562.0,open_case_undecided_target,
WC706098,2025-11-30 14:14,SP3365,KH-CF-02,2098.0,open_case_undecided_target,
WC706100,2025-11-30 14:47,SP3017,KH-WP-02,3643.0,open_case_undecided_target,
WC706110,2025-12-01 02:09,SP3065,KH-WP-01,1942.0,open_case_undecided_target,
WC706157,2025-12-02 22:22,SP3089,KH-RH-01,378.0,open_case_undecided_target,
WC706166,2025-12-03 09:54,SP3087,KH-MG-03,2017.0,open_case_undecided_target,
WC706176,2025-12-03 18:56,SP3132,KH-CF-01,660.0,open_case_undecided_target,
WC706178,2025-12-03 21:07,SP3275,KH-CF-02,1854.0,open_case_undecided_target,
WC706242,2025-12-06 03:16,SP3018,KH-MG-03,1369.0,open_case_undecided_target,
WC706244,2025-12-06 05:09,SP3369,KH-CF-01,738.0,open_case_undecided_target,
WC706249,2025-12-06 08:30,SP3255,KH-RV-01,2269.0,open_case_undecided_target,
WC706299,2025-12-08 09:01,SP3018,KH-AF-03,7896.0,open_case_undecided_target,
WC706322,2025-12-09 07:46,SP3248,KH-RV-03,11112.0,open_case_undecided_target,
WC706348,2025-12-10 15:53,SP3354,KH-RV-03,8149.0,open_case_undecided_target,
WC706383,2025-12-11 14:40,SP3167,KH-IC-02,262.0,open_case_undecided_target,
WC706409,2025-12-12 16:08,SP3321,KH-RH-03,475.0,open_case_undecided_target,
WC706415,2025-12-12 22:12,SP3297,KH-WP-03,3457.0,open_case_undecided_target,
WC706456,2025-12-14 08:50,SP3143,KH-IC-01,1861.0,open_case_undecided_target,
WC706498,2025-12-15 19:45,SP3215,KH-RH-02,2249.0,open_case_undecided_target,
WC706534,2025-12-17 03:57,SP3080,KH-RH-01,625.0,open_case_undecided_target,
WC706597,2025-12-19 15:45,SP3219,KH-CF-01,804.0,open_case_undecided_target,
WC706691,2025-12-23 04:23,SP3034,KH-AF-03,3919.0,open_case_undecided_target,
WC706724,2025-12-24 05:08,SP3269,KH-RV-02,10164.0,open_case_undecided_target,
WC706771,2025-12-26 01:37,SP3237,KH-WP-02,7440.0,open_case_undecided_target,
WC706890,2025-12-30 16:26,SP3154,KH-AF-03,1625.0,open_case_undecided_target,
WC706892,2025-12-30 17:59,SP3004,KH-RH-02,340.0,open_case_undecided_target,
WC706922,2025-12-31 22:38,SP3297,KH-AF-01,1401.0,open_case_undecided_target,
WC706937,2026-01-01 09:35,SP3097,KH-AF-03,2622.0,open_case_undecided_target,
WC706946,2026-01-01 18:08,SP3376,KH-WP-02,2954.0,open_case_undecided_target,
WC706972,2026-01-02 17:00,SP3151,KH-WP-01,4739.0,open_case_undecided_target,
WC707024,2026-01-04 17:36,SP3242,KH-IC-03,978.0,open_case_undecided_target,
WC707038,2026-01-05 08:28,SP3206,KH-WP-02,10275.0,open_case_undecided_target,
WC707066,2026-01-06 16:49,SP3288,KH-AF-02,866.0,open_case_undecided_target,
WC707070,2026-01-06 20:06,SP3171,KH-MG-01,503.0,open_case_undecided_target,
WC707123,2026-01-08 20:05,SP3352,KH-MG-03,1930.0,open_case_undecided_target,
WC707137,2026-01-09 09:25,SP3221,KH-CF-02,1045.0,open_case_undecided_target,
WC707150,2026-01-09 22:12,SP3086,KH-MG-02,1153.0,open_case_undecided_target,
WC707165,2026-01-10 13:05,SP3032,KH-MG-03,1089.0,open_case_undecided_target,
WC707174,2026-01-10 23:00,SP3372,KH-IC-01,250.0,open_case_undecided_target,
WC707186,2026-01-11 06:48,SP3285,KH-IC-03,592.0,open_case_undecided_target,
WC707206,2026-01-12 06:40,SP3180,KH-IC-02,337.0,open_case_undecided_target,
WC707294,2026-01-16 02:11,SP3333,KH-CF-03,2329.0,open_case_undecided_target,
WC707334,2026-01-17 23:07,SP3163,KH-RH-03,3036.0,open_case_undecided_target,
WC707462,2026-01-23 08:17,SP3141,KH-AF-03,5195.0,open_case_undecided_target,
WC707465,2026-01-23 09:35,SP3333,KH-RH-01,586.0,open_case_undecided_target,
WC707478,2026-01-23 23:01,SP3331,KH-AF-01,2220.0,open_case_undecided_target,
WC707493,2026-01-24 13:14,SP3007,KH-MG-01,1881.0,open_case_undecided_target,
WC707518,2026-01-25 16:01,SP3359,KH-CF-02,974.0,open_case_undecided_target,
WC707555,2026-01-27 02:08,SP3029,KH-MG-02,1268.0,open_case_undecided_target,
WC707560,2026-01-27 07:02,SP3006,KH-MG-03,727.0,open_case_undecided_target,
WC707589,2026-01-28 09:29,SP3030,KH-IC-02,906.0,open_case_undecided_target,
WC707603,2026-01-29 00:53,SP3178,KH-RV-01,7967.0,open_case_undecided_target,
WC707714,2026-02-02 00:46,SP3323,KH-MG-02,2813.0,open_case_undecided_target,
WC707762,2026-02-03 17:47,SP3378,KH-AF-01,879.0,open_case_undecided_target,
WC707804,2026-02-05 10:04,SP3148,KH-AF-01,1507.0,open_case_undecided_target,
WC707810,2026-02-05 13:01,SP3212,KH-RV-02,4304.0,open_case_undecided_target,
WC707826,2026-02-06 09:55,SP3068,KH-MG-02,799.0,open_case_undecided_target,
WC707835,2026-02-06 19:24,SP3109,KH-MG-01,322.0,open_case_undecided_target,
WC707896,2026-02-09 01:50,SP3202,KH-MG-02,1594.0,open_case_undecided_target,
WC707905,2026-02-09 08:41,SP3269,KH-MG-03,1785.0,open_case_undecided_target,
WC707937,2026-02-10 21:42,SP3122,KH-AF-02,3036.0,open_case_undecided_target,
WC707944,2026-02-11 06:39,SP3168,KH-MG-02,299.0,open_case_undecided_target,
WC707978,2026-02-12 17:44,SP3129,KH-MG-03,4100.0,open_case_undecided_target,
WC708144,2026-02-18 17:16,SP3289,KH-RH-01,1377.0,open_case_undecided_target,
WC708160,2026-02-19 14:33,SP3365,KH-CF-01,635.0,open_case_undecided_target,
WC708161,2026-02-19 14:57,SP3172,KH-WP-03,5431.0,open_case_undecided_target,
WC708166,2026-02-19 19:18,SP3276,KH-IC-01,606.0,open_case_undecided_target,
WC708298,2026-02-25 04:42,SP3074,KH-AF-01,946.0,open_case_undecided_target,
WC708386,2026-02-28 22:30,SP3291,KH-CF-01,1076.0,open_case_undecided_target,
WC708483,2026-03-04 15:43,SP3151,KH-WP-01,1159.0,open_case_undecided_target,
WC708500,2026-03-05 03:52,SP3152,KH-AF-03,3064.0,open_case_undecided_target,
WC708503,2026-03-05 06:52,SP3349,KH-RH-03,608.0,open_case_undecided_target,
WC708537,2026-03-06 17:57,SP3289,KH-CF-01,1108.0,open_case_undecided_target,
WC708613,2026-03-09 18:23,SP3210,KH-AF-01,1022.0,open_case_undecided_target,
WC708627,2026-03-10 11:17,SP3086,KH-MG-02,435.0,open_case_undecided_target,
WC708637,2026-03-10 17:52,SP3245,KH-RV-02,6880.0,open_case_undecided_target,
WC708685,2026-03-12 17:55,SP3251,KH-RH-02,1252.0,open_case_undecided_target,
WC708696,2026-03-13 01:23,SP3041,KH-AF-01,3609.0,open_case_undecided_target,
WC708709,2026-03-13 13:50,SP3190,KH-WP-01,7871.0,open_case_undecided_target,
WC708731,2026-03-14 19:26,SP3138,KH-IC-03,2877.0,open_case_undecided_target,
WC708738,2026-03-15 03:35,SP3261,KH-CF-03,2510.0,open_case_undecided_target,
WC708834,2026-03-19 10:14,SP3220,KH-IC-03,1385.0,open_case_undecided_target,
WC708847,2026-03-19 22:59,SP3035,KH-RH-03,881.0,open_case_undecided_target,
WC708859,2026-03-20 08:06,SP3185,KH-CF-02,708.0,open_case_undecided_target,
WC708904,2026-03-22 11:54,SP3033,KH-RH-01,900.0,open_case_undecided_target,
WC708911,2026-03-22 15:40,SP3066,KH-CF-03,1295.0,open_case_undecided_target,
WC708920,2026-03-23 04:03,SP3143,KH-WP-03,7589.0,open_case_undecided_target,
WC708944,2026-03-24 11:51,SP3131,KH-RV-01,8412.0,open_case_undecided_target,
WC709018,2026-03-26 23:24,SP3048,KH-RH-01,896.0,open_case_undecided_target,
WC709067,2026-03-29 00:00,SP3289,KH-IC-03,3268.0,open_case_undecided_target,
WC709102,2026-03-30 10:07,SP3178,KH-IC-02,610.0,open_case_undecided_target,
WC709187,2026-04-02 04:48,SP3104,KH-MG-01,480.0,open_case_undecided_target,
WC709191,2026-04-02 06:21,SP3362,KH-MG-02,785.0,open_case_undecided_target,
WC709200,2026-04-02 14:59,SP3240,KH-IC-03,1942.0,open_case_undecided_target,
WC709298,2026-04-06 10:57,SP3124,KH-CF-01,560.0,open_case_undecided_target,
WC709350,2026-04-08 18:37,SP3272,KH-MG-03,1176.0,open_case_undecided_target,
WC709364,2026-04-09 04:50,SP3275,KH-CF-01,1052.0,open_case_undecided_target,
WC709374,2026-04-09 17:16,SP3257,KH-RH-01,354.0,open_case_undecided_target,
WC709380,2026-04-09 22:51,SP3211,KH-AF-02,560.0,open_case_undecided_target,
WC709395,2026-04-10 11:46,SP3043,KH-MG-02,1258.0,open_case_undecided_target,
WC709400,2026-04-10 20:40,SP3032,KH-CF-02,682.0,open_case_undecided_target,
WC709461,2026-04-13 13:05,SP3072,KH-RV-02,6448.0,open_case_undecided_target,
WC709586,2026-04-19 01:10,SP3327,KH-AF-03,1838.0,open_case_undecided_target,
WC709614,2026-04-19 21:52,SP3088,KH-MG-03,2174.0,open_case_undecided_target,
WC709642,2026-04-20 22:31,SP3333,KH-CF-02,949.0,open_case_undecided_target,
WC709645,2026-04-21 02:50,SP3006,KH-AF-02,1124.0,open_case_undecided_target,
WC709659,2026-04-21 14:04,SP3253,KH-MG-03,746.0,open_case_undecided_target,
WC709695,2026-04-22 18:46,SP3132,KH-AF-02,1199.0,open_case_undecided_target,
WC709708,2026-04-23 10:45,SP3263,KH-AF-03,2246.0,open_case_undecided_target,
WC709740,2026-04-24 16:44,SP3095,KH-AF-02,930.0,open_case_undecided_target,
WC709777,2026-04-26 02:54,SP3014,KH-AF-03,2888.0,open_case_undecided_target,
WC709782,2026-04-26 06:16,SP3101,KH-RV-02,7610.0,open_case_undecided_target,
WC709791,2026-04-26 15:50,SP3221,KH-AF-01,2040.0,open_case_undecided_target,
WC709827,2026-04-28 12:14,SP3173,KH-MG-02,2618.0,open_case_undecided_target,
WC709846,2026-04-29 05:14,SP3032,KH-CF-01,629.0,open_case_undecided_target,
WC709878,2026-04-30 16:19,SP3367,KH-IC-03,954.0,open_case_undecided_target,
WC709996,2026-05-06 12:44,SP3299,KH-RH-02,712.0,open_case_undecided_target,
WC710003,2026-05-06 20:48,SP3087,KH-WP-01,1094.0,open_case_undecided_target,
WC710023,2026-05-07 18:15,SP3062,KH-CF-01,1319.0,open_case_undecided_target,
WC710032,2026-05-08 07:00,SP3258,KH-CF-03,1198.0,open_case_undecided_target,
WC710055,2026-05-09 09:19,SP3322,KH-WP-02,9119.0,open_case_undecided_target,
WC710072,2026-05-09 20:23,SP3274,KH-IC-03,1170.0,open_case_undecided_target,
WC710094,2026-05-10 14:43,SP3084,KH-RV-02,9740.0,open_case_undecided_target,
WC710099,2026-05-10 19:47,SP3001,KH-MG-03,2399.0,open_case_undecided_target,
WC710146,2026-05-12 11:26,SP3111,KH-IC-01,1953.0,open_case_undecided_target,
WC710148,2026-05-12 16:00,SP3206,KH-MG-03,1995.0,open_case_undecided_target,
WC710205,2026-05-15 08:12,SP3221,KH-RV-02,840.0,open_case_undecided_target,
WC710209,2026-05-15 11:12,SP3325,KH-RV-03,11296.0,open_case_undecided_target,
WC710266,2026-05-17 12:55,SP3067,KH-MG-01,1681.0,open_case_undecided_target,
WC710309,2026-05-19 09:53,SP3263,KH-WP-02,1231.0,open_case_undecided_target,
WC710310,2026-05-19 11:40,SP3201,KH-AF-01,1714.0,open_case_undecided_target,
WC710317,2026-05-19 16:41,SP3273,KH-IC-02,1466.0,open_case_undecided_target,
WC710324,2026-05-20 01:07,SP3097,KH-AF-02,1854.0,open_case_undecided_target,
WC710371,2026-05-21 18:04,SP3294,KH-RH-03,1521.0,open_case_undecided_target,
WC710372,2026-05-21 18:40,SP3081,KH-RV-01,5002.0,open_case_undecided_target,
WC710404,2026-05-22 22:39,SP3319,KH-CF-02,1549.0,open_case_undecided_target,
WC710460,2026-05-25 01:41,SP3150,KH-RH-02,790.0,open_case_undecided_target,
WC710558,2026-05-29 07:06,SP3264,KH-CF-01,1640.0,open_case_undecided_target,
WC710566,2026-05-29 19:27,SP3029,KH-RV-01,640.0,open_case_undecided_target,
WC710585,2026-05-30 15:42,SP3225,KH-CF-01,649.0,open_case_undecided_target,
WC710595,2026-05-31 00:05,SP3367,KH-CF-03,732.0,open_case_undecided_target,
WC710638,2026-06-01 12:54,SP3093,KH-RV-03,13810.0,open_case_undecided_target,
WC710648,2026-06-01 21:53,SP3023,KH-RV-02,2282.0,open_case_undecided_target,
WC710759,2026-06-07 15:28,SP3122,KH-CF-02,1435.0,open_case_undecided_target,
WC710781,2026-06-08 06:58,SP3151,KH-MG-03,651.0,open_case_undecided_target,
WC710786,2026-06-08 11:36,SP3178,KH-MG-01,504.0,open_case_undecided_target,
WC710811,2026-06-09 05:30,SP3047,KH-MG-01,1583.0,open_case_undecided_target,
WC710964,2026-06-15 05:29,SP3160,KH-WP-01,809.0,open_case_undecided_target,
WC711010,2026-06-16 22:12,SP3018,KH-CF-03,1603.0,open_case_undecided_target,
WC711048,2026-06-18 10:12,SP3180,KH-WP-03,1575.0,open_case_undecided_target,
WC711064,2026-06-19 00:03,SP3291,KH-MG-02,1344.0,open_case_undecided_target,
WC711090,2026-06-20 10:43,SP3132,KH-RH-02,697.0,open_case_undecided_target,
WC711118,2026-06-21 12:56,SP3092,KH-RV-02,14843.0,open_case_undecided_target,
WC711126,2026-06-21 23:19,SP3302,KH-AF-03,7258.0,open_case_undecided_target,
WC711186,2026-06-24 12:13,SP3158,KH-RH-02,640.0,open_case_undecided_target,
WC711201,2026-06-25 08:51,SP3244,KH-AF-03,3052.0,open_case_undecided_target,
WC711238,2026-06-26 16:38,SP3345,KH-CF-01,1995.0,open_case_undecided_target,
WC711335,2026-06-30 14:15,SP3227,KH-RH-03,934.0,open_case_undecided_target,
