partner_id,city,partner_type,onboarded_date,total_train_claims,prior_resolved_claims,prior_fraud_claims,smoothed_fraud_rate_at_train_end,is_cold_start_in_test
SP3033,Bhopal,authorised_service_centre,2023-08-18,37,36,0,0.00452,0
SP3032,Jaipur,franchise,2023-03-13,40,37,0,0.00444,0
SP3265,Pune,authorised_service_centre,2022-03-14,35,34,0,0.00469,0
SP3249,Jaipur,authorised_service_centre,2022-06-17,32,32,0,0.00487,0
SP3086,Lucknow,franchise,2024-06-15,37,35,0,0.0046,0
SP3006,Jaipur,freelance_technician,2023-07-20,39,37,0,0.00444,0
SP3237,Bhopal,freelance_technician,2024-02-20,26,25,0,0.00562,0
SP3352,Jaipur,freelance_technician,2023-10-10,41,40,0,0.00422,0
SP3104,Lucknow,authorised_service_centre,2021-07-11,46,45,0,0.00389,0
SP3016,Hubballi,franchise,2022-06-14,35,34,0,0.00469,0
SP3064,Coimbatore,freelance_technician,2021-06-08,27,27,0,0.00538,0
SP3356,Kota,authorised_service_centre,2021-12-14,39,39,0,0.00429,0
SP3101,Hubballi,franchise,2021-12-08,27,26,0,0.0055,0
SP3087,Chennai,authorised_service_centre,2022-10-10,43,41,0,0.00415,0
SP3261,Mumbai,freelance_technician,2024-06-23,31,30,0,0.00506,0
SP3088,Aurangabad,authorised_service_centre,2025-02-28,31,30,0,0.00506,0
SP3029,Aurangabad,authorised_service_centre,2021-06-27,42,40,1,0.02088,0
SP3259,Mysuru,authorised_service_centre,2021-12-16,35,35,1,0.02278,0
SP3266,Kota,franchise,2024-10-20,38,38,0,0.00436,0
SP3193,Mysuru,authorised_service_centre,2025-01-06,41,41,0,0.00415,0
SP3145,Bhopal,franchise,2023-08-01,22,22,0,0.00602,0
SP3018,Nagpur,authorised_service_centre,2025-02-27,34,31,1,0.02457,0
SP3204,Bengaluru,authorised_service_centre,2024-07-08,27,26,1,0.02724,0
SP3062,Nashik,authorised_service_centre,2021-08-22,32,31,0,0.00496,0
SP3058,Lucknow,freelance_technician,2023-11-19,31,31,0,0.00496,0
SP3197,Nashik,franchise,2023-03-01,26,26,1,0.02724,0
SP3034,Bengaluru,authorised_service_centre,2024-07-29,42,41,0,0.00415,0
SP3359,Warangal,authorised_service_centre,2023-05-15,29,28,0,0.00527,0
SP3113,Aurangabad,authorised_service_centre,2022-09-08,31,31,0,0.00496,0
SP3333,Bhopal,authorised_service_centre,2023-03-25,28,25,0,0.00562,0
SP3076,Delhi,franchise,2023-10-21,28,28,0,0.00527,0
SP3351,Jaipur,franchise,2024-10-18,37,36,0,0.00452,0
SP3004,Nagpur,authorised_service_centre,2021-09-25,38,36,0,0.00452,0
SP3182,Delhi,franchise,2022-09-21,36,35,0,0.0046,0
SP3019,Hyderabad,authorised_service_centre,2023-09-27,35,35,0,0.0046,0
SP3031,Jaipur,franchise,2024-03-23,23,23,0,0.00588,0
SP3207,Hyderabad,franchise,2022-02-23,40,39,13,0.22463,0
SP3370,Pune,authorised_service_centre,2022-10-30,32,32,0,0.00487,0
SP3012,Mumbai,franchise,2024-08-16,47,47,0,0.00378,0
SP3247,Indore,franchise,2023-01-05,32,31,0,0.00496,0
SP3195,Pune,authorised_service_centre,2021-06-29,29,28,1,0.0261,0
SP3022,Nagpur,franchise,2023-12-15,33,33,0,0.00477,0
SP3026,Delhi,freelance_technician,2021-12-03,40,40,0,0.00422,0
SP3155,Coimbatore,authorised_service_centre,2023-10-01,22,22,1,0.02983,0
SP3154,Kota,authorised_service_centre,2022-01-18,35,34,0,0.00469,0
SP3082,Jaipur,authorised_service_centre,2024-08-06,36,36,0,0.00452,0
SP3242,Chennai,authorised_service_centre,2021-12-20,41,40,0,0.00422,0
SP3212,Kota,franchise,2024-02-28,32,31,0,0.00496,0
SP3192,Mumbai,franchise,2021-10-18,41,41,0,0.00415,0
SP3350,Hubballi,franchise,2023-02-20,33,33,9,0.17458,0
SP3185,Warangal,authorised_service_centre,2022-04-23,40,39,0,0.00429,0
SP3196,Aurangabad,franchise,2021-07-10,38,38,0,0.00436,0
SP3372,Lucknow,franchise,2024-04-04,32,31,0,0.00496,0
SP3225,Coimbatore,authorised_service_centre,2021-09-19,27,25,0,0.00562,0
SP3334,Jaipur,franchise,2022-01-12,26,26,1,0.02724,0
SP3122,Hubballi,authorised_service_centre,2024-03-20,38,36,1,0.02238,0
SP3349,Warangal,freelance_technician,2023-07-24,41,40,0,0.00422,0
SP3338,Bhopal,franchise,2024-04-13,32,32,1,0.0241,0
SP3188,Jaipur,authorised_service_centre,2021-08-07,31,31,0,0.00496,0
SP3008,Nagpur,freelance_technician,2023-10-27,29,29,0,0.00516,0
SP3282,Warangal,franchise,2023-05-15,27,27,0,0.00538,0
SP3329,Mumbai,authorised_service_centre,2022-07-20,35,35,0,0.0046,0
SP3332,Aurangabad,franchise,2022-08-05,34,34,0,0.00469,0
SP3314,Hubballi,franchise,2021-10-04,33,32,0,0.00487,0
SP3373,Nagpur,franchise,2022-03-10,37,37,1,0.02198,0
SP3267,Pune,authorised_service_centre,2023-03-23,37,37,0,0.00444,0
SP3263,Indore,franchise,2024-09-18,35,33,0,0.00477,0
SP3230,Jaipur,franchise,2022-09-10,29,29,0,0.00516,0
SP3260,Nagpur,franchise,2024-07-23,36,36,0,0.00452,0
SP3063,Chennai,authorised_service_centre,2022-02-23,32,32,0,0.00487,0
SP3253,Kota,franchise,2024-08-26,32,31,0,0.00496,0
SP3323,Mumbai,franchise,2024-05-25,40,39,1,0.02124,0
SP3078,Chennai,authorised_service_centre,2023-06-03,31,30,0,0.00506,0
SP3147,Chennai,authorised_service_centre,2022-04-02,27,27,0,0.00538,0
SP3298,Mysuru,franchise,2023-02-27,28,28,0,0.00527,0
SP3128,Lucknow,freelance_technician,2023-11-20,35,35,0,0.0046,0
SP3040,Nashik,franchise,2023-05-20,46,46,0,0.00383,0
SP3205,Nashik,authorised_service_centre,2023-12-26,35,35,0,0.0046,0
SP3131,Pune,franchise,2025-01-20,29,28,0,0.00527,0
SP3331,Chennai,authorised_service_centre,2023-07-29,36,35,0,0.0046,0
SP3024,Coimbatore,franchise,2023-02-16,27,27,0,0.00538,0
SP3151,Jaipur,freelance_technician,2024-06-08,28,23,0,0.00588,0
SP3125,Nashik,franchise,2023-04-14,31,31,0,0.00496,0
SP3227,Warangal,authorised_service_centre,2024-12-19,29,28,0,0.00527,0
SP3137,Nagpur,franchise,2022-08-14,42,42,0,0.00408,0
SP3308,Delhi,authorised_service_centre,2024-11-20,33,33,0,0.00477,0
SP3139,Jaipur,freelance_technician,2021-09-09,39,39,0,0.00429,0
SP3268,Nagpur,franchise,2023-03-09,40,40,0,0.00422,0
SP3342,Nagpur,authorised_service_centre,2023-08-04,34,34,0,0.00469,0
SP3065,Lucknow,franchise,2022-07-29,30,29,1,0.02557,0
SP3234,Aurangabad,authorised_service_centre,2024-05-12,23,23,0,0.00588,0
SP3083,Coimbatore,franchise,2023-04-20,41,40,0,0.00422,0
SP3163,Indore,authorised_service_centre,2025-01-07,40,39,0,0.00429,0
SP3358,Mumbai,freelance_technician,2023-01-02,44,44,1,0.01958,0
SP3060,Delhi,authorised_service_centre,2022-09-02,27,27,0,0.00538,0
SP3001,Jaipur,authorised_service_centre,2022-05-17,32,31,0,0.00496,0
SP3304,Bhopal,authorised_service_centre,2023-05-17,38,38,1,0.0216,0
SP3075,Kota,authorised_service_centre,2023-09-10,25,25,0,0.00562,0
SP3290,Nagpur,franchise,2022-03-15,30,30,0,0.00506,0
SP3276,Hubballi,authorised_service_centre,2024-05-23,28,27,0,0.00538,0
SP3092,Hubballi,freelance_technician,2023-11-11,31,29,0,0.00516,0
SP3070,Pune,franchise,2023-07-25,34,34,0,0.00469,0
SP3337,Hyderabad,franchise,2024-03-19,34,34,0,0.00469,0
SP3178,Aurangabad,authorised_service_centre,2022-08-25,44,40,2,0.03755,0
SP3325,Mumbai,authorised_service_centre,2022-12-16,41,40,0,0.00422,0
SP3041,Jaipur,authorised_service_centre,2022-06-04,39,38,0,0.00436,0
SP3015,Lucknow,freelance_technician,2024-10-21,34,34,0,0.00469,0
SP3028,Bengaluru,authorised_service_centre,2023-01-21,42,42,0,0.00408,0
SP3042,Jaipur,franchise,2023-05-22,38,38,0,0.00436,0
SP3175,Aurangabad,authorised_service_centre,2024-10-09,41,41,0,0.00415,0
SP3367,Mumbai,franchise,2024-08-23,25,23,0,0.00588,0
SP3079,Indore,authorised_service_centre,2023-07-23,41,41,0,0.00415,0
SP3177,Coimbatore,authorised_service_centre,2022-08-12,35,35,0,0.0046,0
SP3043,Aurangabad,authorised_service_centre,2021-12-14,32,31,0,0.00496,0
SP3246,Kota,freelance_technician,2022-12-15,33,33,0,0.00477,0
SP3168,Kota,authorised_service_centre,2021-08-23,45,44,0,0.00395,0
SP3258,Chennai,authorised_service_centre,2022-03-22,40,39,0,0.00429,0
SP3306,Warangal,freelance_technician,2024-04-26,38,38,1,0.0216,0
SP3210,Chennai,authorised_service_centre,2022-10-24,36,34,0,0.00469,0
SP3264,Hyderabad,authorised_service_centre,2024-11-30,26,24,0,0.00575,0
SP3303,Mysuru,franchise,2025-01-20,33,32,0,0.00487,0
SP3106,Kota,authorised_service_centre,2023-04-17,44,44,0,0.00395,0
SP3324,Hyderabad,authorised_service_centre,2022-11-04,31,31,1,0.02457,0
SP3179,Hubballi,authorised_service_centre,2021-10-05,35,35,0,0.0046,0
SP3327,Hyderabad,franchise,2022-01-22,30,29,0,0.00516,0
SP3215,Aurangabad,freelance_technician,2021-08-14,29,28,0,0.00527,0
SP3320,Pune,franchise,2023-05-10,23,23,0,0.00588,0
SP3254,Hyderabad,authorised_service_centre,2024-07-29,25,25,0,0.00562,0
SP3142,Chennai,authorised_service_centre,2021-06-28,32,31,0,0.00496,0
SP3130,Nashik,franchise,2022-04-25,43,43,1,0.01989,0
SP3292,Nashik,authorised_service_centre,2024-01-04,30,30,7,0.14506,0
SP3143,Bengaluru,franchise,2022-06-10,33,31,0,0.00496,0
SP3257,Indore,authorised_service_centre,2022-08-15,34,32,0,0.00487,0
SP3036,Bengaluru,franchise,2024-12-24,33,33,0,0.00477,0
SP3084,Mysuru,franchise,2023-11-12,28,27,0,0.00538,0
SP3347,Delhi,franchise,2022-05-31,27,27,0,0.00538,0
SP3103,Jaipur,franchise,2022-07-27,34,34,9,0.17135,0
SP3335,Nashik,authorised_service_centre,2021-10-23,34,33,0,0.00477,0
SP3116,Jaipur,authorised_service_centre,2023-12-22,28,28,1,0.0261,0
SP3219,Lucknow,franchise,2025-01-17,24,23,0,0.00588,0
SP3277,Lucknow,franchise,2024-01-08,32,32,0,0.00487,0
SP3159,Kota,freelance_technician,2023-11-15,36,36,0,0.00452,0
SP3214,Coimbatore,freelance_technician,2024-08-12,29,29,0,0.00516,0
SP3003,Indore,freelance_technician,2024-12-15,32,32,0,0.00487,0
SP3275,Coimbatore,freelance_technician,2022-02-19,43,41,1,0.02054,0
SP3262,Aurangabad,freelance_technician,2023-04-27,35,35,1,0.02278,0
SP3189,Bengaluru,franchise,2024-07-20,34,34,0,0.00469,0
SP3052,Warangal,freelance_technician,2021-06-09,23,23,0,0.00588,0
SP3321,Delhi,authorised_service_centre,2024-04-27,44,43,0,0.00402,0
SP3202,Mumbai,freelance_technician,2024-12-08,44,43,0,0.00402,0
SP3238,Lucknow,freelance_technician,2023-09-23,39,39,0,0.00429,0
SP3186,Kota,freelance_technician,2023-12-12,33,33,0,0.00477,0
SP3371,Hubballi,authorised_service_centre,2023-01-20,29,29,1,0.02557,0
SP3053,Aurangabad,franchise,2023-06-01,31,31,0,0.00496,0
SP3271,Mumbai,authorised_service_centre,2023-02-09,32,32,0,0.00487,0
SP3309,Kota,franchise,2022-08-08,39,39,0,0.00429,0
SP3109,Nagpur,authorised_service_centre,2021-10-14,28,27,0,0.00538,0
SP3376,Mysuru,franchise,2023-04-08,39,38,12,0.21126,0
SP3209,Indore,authorised_service_centre,2023-07-16,29,29,0,0.00516,0
SP3119,Indore,authorised_service_centre,2021-11-25,39,39,0,0.00429,0
SP3099,Pune,franchise,2024-01-10,25,25,0,0.00562,0
SP3144,Jaipur,franchise,2024-11-16,33,33,0,0.00477,0
SP3222,Warangal,authorised_service_centre,2024-04-17,32,31,1,0.02457,0
SP3158,Bhopal,authorised_service_centre,2023-04-02,40,39,0,0.00429,0
SP3114,Delhi,freelance_technician,2022-02-10,35,34,0,0.00469,0
SP3132,Lucknow,freelance_technician,2021-07-04,37,34,0,0.00469,0
SP3345,Bhopal,authorised_service_centre,2022-03-23,37,36,0,0.00452,0
SP3274,Nagpur,franchise,2022-07-02,32,31,0,0.00496,0
SP3005,Lucknow,authorised_service_centre,2024-08-30,26,26,0,0.0055,0
SP3080,Jaipur,authorised_service_centre,2023-12-02,30,29,0,0.00516,0
SP3056,Mysuru,authorised_service_centre,2024-04-01,34,34,0,0.00469,0
SP3162,Lucknow,authorised_service_centre,2024-12-28,32,32,0,0.00487,0
SP3330,Pune,authorised_service_centre,2022-03-15,44,44,0,0.00395,0
SP3102,Hyderabad,authorised_service_centre,2024-11-27,41,41,0,0.00415,0
SP3066,Jaipur,franchise,2021-08-11,22,21,0,0.00617,0
SP3343,Nashik,authorised_service_centre,2022-01-22,36,36,0,0.00452,0
SP3117,Bhopal,authorised_service_centre,2023-06-17,35,35,1,0.02278,0
SP3165,Nagpur,franchise,2021-08-23,34,34,0,0.00469,0
SP3363,Hyderabad,freelance_technician,2023-10-30,34,34,0,0.00469,0
SP3355,Aurangabad,authorised_service_centre,2022-11-07,43,43,0,0.00402,0
SP3296,Indore,authorised_service_centre,2022-01-23,26,26,0,0.0055,0
SP3169,Nashik,freelance_technician,2021-08-19,37,37,0,0.00444,0
SP3299,Bengaluru,authorised_service_centre,2024-04-19,37,35,0,0.0046,0
SP3127,Aurangabad,authorised_service_centre,2023-04-27,32,32,0,0.00487,0
SP3310,Lucknow,franchise,2025-01-15,25,25,0,0.00562,0
SP3074,Bhopal,authorised_service_centre,2025-01-23,23,22,0,0.00602,0
SP3220,Coimbatore,freelance_technician,2021-10-19,39,37,0,0.00444,0
SP3280,Coimbatore,authorised_service_centre,2022-01-03,26,26,0,0.0055,0
SP3341,Bengaluru,freelance_technician,2025-01-17,32,32,0,0.00487,0
SP3200,Mumbai,freelance_technician,2022-12-10,43,43,0,0.00402,0
SP3094,Kota,authorised_service_centre,2023-09-07,38,38,0,0.00436,0
SP3134,Bengaluru,authorised_service_centre,2024-09-12,35,35,0,0.0046,0
SP3108,Hubballi,freelance_technician,2023-02-23,33,33,0,0.00477,0
SP3289,Nagpur,authorised_service_centre,2021-06-02,34,30,0,0.00506,0
SP3198,Kota,franchise,2024-06-16,35,35,0,0.0046,0
SP3278,Bhopal,franchise,2024-01-18,39,39,0,0.00429,0
SP3201,Jaipur,authorised_service_centre,2023-12-09,33,32,0,0.00487,0
SP3051,Bengaluru,authorised_service_centre,2022-03-14,40,40,0,0.00422,0
SP3138,Indore,authorised_service_centre,2022-12-16,33,31,0,0.00496,0
SP3100,Coimbatore,franchise,2024-02-09,32,32,0,0.00487,0
SP3176,Chennai,franchise,2022-09-28,31,31,0,0.00496,0
SP3013,Chennai,franchise,2021-07-08,37,37,0,0.00444,0
SP3281,Bengaluru,franchise,2023-09-25,20,20,0,0.00632,0
SP3217,Mumbai,freelance_technician,2024-09-14,40,40,0,0.00422,0
SP3069,Mumbai,authorised_service_centre,2023-05-05,33,33,0,0.00477,0
SP3248,Hyderabad,franchise,2022-07-14,25,24,0,0.00575,0
SP3361,Aurangabad,authorised_service_centre,2022-03-18,32,31,0,0.00496,0
SP3354,Indore,authorised_service_centre,2022-12-16,38,37,0,0.00444,0
SP3377,Jaipur,authorised_service_centre,2024-11-11,39,38,0,0.00436,0
SP3166,Pune,freelance_technician,2021-07-23,42,42,0,0.00408,0
SP3378,Hubballi,authorised_service_centre,2023-01-14,36,35,0,0.0046,0
SP3312,Delhi,franchise,2024-10-27,34,32,0,0.00487,0
SP3379,Hubballi,franchise,2023-08-26,40,40,1,0.02088,0
SP3161,Warangal,franchise,2024-01-06,32,32,0,0.00487,0
SP3047,Delhi,freelance_technician,2023-04-14,43,42,0,0.00408,0
SP3190,Lucknow,franchise,2024-12-10,36,35,0,0.0046,0
SP3023,Chennai,authorised_service_centre,2022-05-21,28,27,0,0.00538,0
SP3146,Mumbai,authorised_service_centre,2023-07-28,40,40,0,0.00422,0
SP3317,Chennai,authorised_service_centre,2022-11-11,32,32,2,0.04333,0
SP3089,Bengaluru,authorised_service_centre,2024-06-30,33,32,0,0.00487,0
SP3055,Warangal,freelance_technician,2024-07-21,34,34,0,0.00469,0
SP3067,Mysuru,franchise,2024-02-09,30,29,0,0.00516,0
SP3322,Hyderabad,freelance_technician,2022-04-17,28,26,0,0.0055,0
SP3098,Nashik,franchise,2022-01-20,29,29,0,0.00516,0
SP3240,Kota,freelance_technician,2022-06-10,32,31,0,0.00496,0
SP3073,Chennai,freelance_technician,2023-10-23,28,28,0,0.00527,0
SP3255,Mumbai,franchise,2024-11-14,36,35,0,0.0046,0
SP3135,Pune,franchise,2023-08-07,33,33,0,0.00477,0
SP3301,Hubballi,freelance_technician,2024-05-01,31,31,0,0.00496,0
SP3021,Coimbatore,authorised_service_centre,2022-04-02,27,27,0,0.00538,0
SP3112,Chennai,franchise,2024-08-07,30,30,0,0.00506,0
SP3095,Bhopal,franchise,2021-11-17,37,36,10,0.18309,0
SP3049,Mysuru,franchise,2024-11-15,39,39,0,0.00429,0
SP3030,Bhopal,franchise,2023-03-09,33,32,0,0.00487,0
SP3164,Warangal,freelance_technician,2022-04-28,33,33,0,0.00477,0
SP3211,Kota,freelance_technician,2021-08-28,42,41,0,0.00415,0
SP3293,Indore,franchise,2022-05-24,32,32,2,0.04333,0
SP3213,Chennai,authorised_service_centre,2021-06-17,39,38,0,0.00436,0
SP3216,Kota,freelance_technician,2023-04-29,48,48,0,0.00372,0
SP3121,Jaipur,franchise,2021-10-08,36,36,1,0.02238,0
SP3093,Warangal,franchise,2025-02-16,26,25,0,0.00562,0
SP3110,Aurangabad,franchise,2023-05-06,37,37,1,0.02198,0
SP3235,Jaipur,freelance_technician,2021-12-23,31,31,0,0.00496,0
SP3326,Delhi,freelance_technician,2022-03-05,28,28,0,0.00527,0
SP3046,Coimbatore,authorised_service_centre,2023-07-23,32,32,0,0.00487,0
SP3368,Coimbatore,authorised_service_centre,2024-06-13,33,33,0,0.00477,0
SP3272,Mysuru,freelance_technician,2023-07-26,37,36,0,0.00452,0
SP3285,Indore,authorised_service_centre,2023-09-30,35,34,0,0.00469,0
SP3302,Kota,franchise,2024-07-14,44,43,0,0.00402,0
SP3157,Kota,freelance_technician,2023-03-11,30,30,0,0.00506,0
SP3199,Nashik,authorised_service_centre,2021-09-14,53,53,0,0.00347,0
SP3273,Delhi,franchise,2025-02-23,31,30,0,0.00506,0
SP3173,Chennai,franchise,2025-02-06,30,29,0,0.00516,0
SP3136,Pune,authorised_service_centre,2022-03-03,28,28,0,0.00527,0
SP3017,Mysuru,franchise,2022-11-20,36,35,0,0.0046,0
SP3366,Hubballi,franchise,2021-10-03,24,24,0,0.00575,0
SP3167,Hyderabad,authorised_service_centre,2022-12-22,31,30,0,0.00506,0
SP3171,Lucknow,freelance_technician,2024-01-25,47,46,0,0.00383,0
SP3288,Delhi,franchise,2022-10-26,34,32,0,0.00487,0
SP3181,Indore,authorised_service_centre,2024-10-23,40,40,0,0.00422,0
SP3068,Kota,freelance_technician,2023-12-17,36,35,0,0.0046,0
SP3284,Jaipur,authorised_service_centre,2022-04-23,32,32,0,0.00487,0
SP3120,Mumbai,freelance_technician,2022-12-15,31,31,0,0.00496,0
SP3374,Lucknow,authorised_service_centre,2021-11-11,30,30,0,0.00506,0
SP3336,Delhi,freelance_technician,2021-11-09,30,30,0,0.00506,0
SP3002,Indore,freelance_technician,2024-01-19,37,36,0,0.00452,0
SP3203,Hubballi,freelance_technician,2023-12-09,26,25,0,0.00562,0
SP3172,Warangal,authorised_service_centre,2021-06-03,29,28,0,0.00527,0
SP3206,Indore,authorised_service_centre,2021-11-07,29,27,0,0.00538,0
SP3097,Delhi,franchise,2025-01-25,45,42,0,0.00408,0
SP3180,Hyderabad,authorised_service_centre,2024-10-09,45,43,0,0.00402,0
SP3369,Delhi,franchise,2023-06-28,44,43,0,0.00402,0
SP3111,Lucknow,authorised_service_centre,2023-03-21,33,32,0,0.00487,0
SP3081,Hubballi,freelance_technician,2023-12-26,29,27,0,0.00538,0
SP3365,Chennai,authorised_service_centre,2023-09-10,34,32,1,0.0241,0
SP3126,Hyderabad,authorised_service_centre,2025-03-02,25,25,0,0.00562,0
SP3297,Hubballi,authorised_service_centre,2024-02-21,44,42,0,0.00408,0
SP3054,Nagpur,franchise,2022-12-18,34,34,0,0.00469,0
SP3140,Mumbai,authorised_service_centre,2025-02-27,32,32,0,0.00487,0
SP3218,Lucknow,authorised_service_centre,2024-10-06,34,34,0,0.00469,0
SP3123,Kota,authorised_service_centre,2023-12-01,23,23,0,0.00588,0
SP3148,Delhi,authorised_service_centre,2024-06-07,37,36,0,0.00452,0
SP3251,Mysuru,authorised_service_centre,2023-07-29,37,36,0,0.00452,0
SP3061,Mysuru,authorised_service_centre,2023-08-11,34,34,1,0.0232,0
SP3279,Nashik,authorised_service_centre,2023-09-30,39,39,0,0.00429,0
SP3071,Coimbatore,franchise,2022-08-17,23,23,1,0.02914,0
SP3035,Warangal,freelance_technician,2025-02-07,31,30,0,0.00506,0
SP3153,Jaipur,authorised_service_centre,2023-03-29,39,39,0,0.00429,0
SP3077,Chennai,authorised_service_centre,2023-09-18,30,30,0,0.00506,0
SP3244,Mysuru,authorised_service_centre,2022-02-02,30,29,0,0.00516,0
SP3291,Delhi,franchise,2021-12-11,41,39,2,0.03819,0
SP3124,Pune,authorised_service_centre,2023-01-15,28,27,0,0.00538,0
SP3133,Hyderabad,authorised_service_centre,2023-05-03,38,38,0,0.00436,0
SP3038,Nashik,franchise,2021-07-02,37,36,0,0.00452,0
SP3340,Mumbai,authorised_service_centre,2021-09-12,27,26,0,0.0055,0
SP3339,Aurangabad,franchise,2022-12-16,39,39,0,0.00429,0
SP3020,Mysuru,authorised_service_centre,2024-10-16,30,30,0,0.00506,0
SP3208,Aurangabad,authorised_service_centre,2022-04-21,34,34,0,0.00469,0
SP3141,Warangal,franchise,2024-11-27,37,36,0,0.00452,0
SP3348,Hubballi,franchise,2023-01-27,35,35,0,0.0046,0
SP3045,Warangal,freelance_technician,2024-05-30,23,23,0,0.00588,0
SP3228,Pune,freelance_technician,2021-08-11,25,25,7,0.16118,0
SP3328,Bengaluru,franchise,2023-03-29,36,36,0,0.00452,0
SP3360,Mumbai,franchise,2022-11-18,47,47,0,0.00378,0
SP3091,Lucknow,authorised_service_centre,2025-01-19,23,23,0,0.00588,0
SP3072,Nashik,authorised_service_centre,2021-09-18,39,38,0,0.00436,0
SP3183,Nagpur,authorised_service_centre,2024-05-09,33,33,0,0.00477,0
SP3152,Aurangabad,franchise,2024-05-16,33,32,0,0.00487,0
SP3269,Delhi,franchise,2024-02-04,43,41,1,0.02054,0
SP3025,Chennai,franchise,2025-01-18,31,31,0,0.00496,0
SP3187,Kota,authorised_service_centre,2022-11-07,25,25,0,0.00562,0
SP3096,Bhopal,freelance_technician,2021-10-02,39,39,0,0.00429,0
SP3044,Nagpur,freelance_technician,2021-06-17,33,33,0,0.00477,0
SP3243,Hubballi,franchise,2023-01-24,28,28,0,0.00527,0
SP3250,Chennai,authorised_service_centre,2023-04-07,34,34,0,0.00469,0
SP3241,Delhi,franchise,2023-12-02,39,38,0,0.00436,0
SP3150,Mysuru,authorised_service_centre,2024-11-22,43,42,0,0.00408,0
SP3057,Warangal,authorised_service_centre,2023-08-09,26,25,1,0.02784,0
SP3362,Warangal,freelance_technician,2023-05-08,38,37,0,0.00444,0
SP3364,Mumbai,authorised_service_centre,2022-10-31,29,28,0,0.00527,0
SP3224,Bengaluru,authorised_service_centre,2026-03-10,2,2,0,0.0115,0
SP3115,Hyderabad,franchise,2026-01-25,18,18,0,0.00666,0
SP3059,Hubballi,authorised_service_centre,2025-12-05,16,16,0,0.00703,0
SP3357,Warangal,authorised_service_centre,2026-08-27,0,0,0,0.01265,1
SP3245,Lucknow,franchise,2026-01-01,15,14,0,0.00744,0
SP3295,Aurangabad,franchise,2026-03-02,6,6,0,0.00973,0
SP3156,Indore,freelance_technician,2026-06-03,1,1,0,0.01205,0
SP3170,Indore,franchise,2026-03-27,7,7,0,0.00937,0
SP3346,Kota,franchise,2026-06-15,0,0,0,0.01265,1
SP3221,Jaipur,freelance_technician,2025-12-11,14,11,0,0.00816,0
SP3307,Indore,franchise,2026-06-29,0,0,0,0.01265,1
SP3315,Jaipur,franchise,2025-11-21,13,13,0,0.00767,0
SP3311,Nashik,authorised_service_centre,2025-12-12,6,6,0,0.00973,0
SP3316,Nashik,franchise,2026-07-31,0,0,0,0.01265,1
SP3027,Pune,freelance_technician,2025-12-03,13,13,1,0.03797,0
SP3129,Chennai,authorised_service_centre,2026-01-19,26,25,4,0.09451,0
SP3286,Mysuru,authorised_service_centre,2026-06-04,2,2,2,0.10241,0
SP3375,Bhopal,authorised_service_centre,2026-04-04,5,5,0,0.01012,0
SP3305,Delhi,franchise,2026-03-21,11,11,0,0.00816,0
SP3160,Pune,authorised_service_centre,2025-12-27,40,39,10,0.17378,0
SP3037,Delhi,authorised_service_centre,2026-07-15,0,0,0,0.01265,1
SP3010,Bengaluru,authorised_service_centre,2026-02-28,12,12,0,0.00791,0
SP3353,Hyderabad,authorised_service_centre,2026-04-14,5,5,0,0.01012,0
SP3105,Hubballi,franchise,2025-12-17,9,9,0,0.00872,0
SP3233,Nagpur,freelance_technician,2026-03-18,4,4,0,0.01054,0
SP3270,Mysuru,franchise,2026-06-08,2,2,0,0.0115,0
SP3174,Chennai,freelance_technician,2026-03-18,4,4,0,0.01054,0
SP3048,Chennai,freelance_technician,2025-11-16,19,18,0,0.00666,0
SP3231,Bengaluru,franchise,2026-03-13,8,8,0,0.00904,0
SP3191,Pune,authorised_service_centre,2026-07-16,0,0,0,0.01265,1
SP3283,Hubballi,franchise,2026-04-29,4,4,0,0.01054,0
SP3229,Kota,franchise,2026-07-27,0,0,0,0.01265,1
SP3090,Mysuru,freelance_technician,2026-07-20,0,0,0,0.01265,1
SP3149,Hyderabad,franchise,2026-05-15,2,2,0,0.0115,0
SP3011,Coimbatore,authorised_service_centre,2026-04-27,8,8,0,0.00904,0
SP3000,Hubballi,authorised_service_centre,2026-04-21,8,8,0,0.00904,0
SP3313,Nagpur,franchise,2026-04-22,2,2,0,0.0115,0
SP3085,Hubballi,franchise,2026-01-20,7,7,0,0.00937,0
SP3107,Jaipur,freelance_technician,2026-05-13,4,4,0,0.01054,0
SP3050,Aurangabad,authorised_service_centre,2026-02-01,10,10,0,0.00843,0
SP3223,Hubballi,authorised_service_centre,2026-04-17,10,10,0,0.00843,0
SP3287,Mumbai,authorised_service_centre,2026-07-17,0,0,0,0.01265,1
SP3236,Hubballi,authorised_service_centre,2026-07-27,0,0,0,0.01265,1
SP3344,Kota,franchise,2026-07-27,0,0,0,0.01265,1
SP3009,Mysuru,authorised_service_centre,2026-01-12,16,16,0,0.00703,0
SP3239,Hubballi,franchise,2025-12-27,11,11,0,0.00816,0
SP3039,Bhopal,authorised_service_centre,2025-12-29,11,11,0,0.00816,0
SP3226,Hyderabad,authorised_service_centre,2025-11-12,14,14,0,0.00744,0
SP3007,Jaipur,authorised_service_centre,2026-01-05,15,14,0,0.00744,0
SP3194,Lucknow,franchise,2025-12-28,14,14,0,0.00744,0
SP3118,Pune,authorised_service_centre,2026-06-03,2,2,2,0.10241,0
SP3300,Warangal,freelance_technician,2026-07-29,0,0,0,0.01265,1
SP3294,Nashik,authorised_service_centre,2026-04-06,4,3,0,0.011,0
SP3014,Aurangabad,authorised_service_centre,2026-03-09,5,4,0,0.01054,0
SP3256,Chennai,authorised_service_centre,2026-04-26,3,3,0,0.011,0
SP3318,Hubballi,franchise,2025-12-06,29,29,5,0.1072,0
SP3184,Nagpur,authorised_service_centre,2026-07-08,0,0,0,0.01265,1
SP3232,Jaipur,authorised_service_centre,2025-11-26,40,40,7,0.12088,0
SP3319,Warangal,franchise,2026-02-11,15,14,3,0.09568,0
SP3252,Bengaluru,franchise,2026-06-27,0,0,0,0.01265,1
