claim_id,score
WC711348,0.429448
WC711349,0.19214
WC711350,0.220844
WC711351,0.16624
WC711352,0.217232
WC711353,0.236038
WC711354,0.197591
WC711355,0.236434
WC711356,0.275418
WC711357,0.318432
WC711358,0.214156
WC711359,0.192875
WC711360,0.196965
WC711361,0.202955
WC711362,0.069207
WC711363,0.236846
WC711364,0.303717
WC711365,0.254542
WC711366,0.177999
WC711367,0.262659
WC711368,0.155228
WC711369,0.135604
WC711370,0.275377
WC711371,0.189018
WC711372,0.216256
WC711373,0.26392
WC711374,0.170582
WC711375,0.358974
WC711376,0.223834
WC711377,0.370392
WC711378,0.227698
WC711379,0.207254
WC711380,0.106642
WC711381,0.256838
WC711382,0.442531
WC711383,0.184269
WC711384,0.202241
WC711385,0.233257
WC711386,0.164796
WC711387,0.173503
WC711388,0.288413
WC711389,0.262621
WC711390,0.171927
WC711391,0.225103
WC711392,0.325342
WC711393,0.400166
WC711394,0.225322
WC711395,0.158948
WC711396,0.171631
WC711397,0.164838
WC711398,0.178829
WC711399,0.065717
WC711400,0.186708
WC711401,0.195557
WC711402,0.198269
WC711403,0.200897
WC711404,0.197882
WC711405,0.204954
WC711406,0.305155
WC711407,0.237939
WC711408,0.176077
WC711409,0.090461
WC711410,0.258453
WC711411,0.293986
WC711412,0.149387
WC711413,0.036832
WC711414,0.311308
WC711415,0.347306
WC711416,0.266209
WC711417,0.220717
WC711418,0.29899
WC711419,0.134219
WC711420,0.256916
WC711421,0.154232
WC711422,0.179751
WC711423,0.048376
WC711424,0.08945
WC711425,0.209199
WC711426,0.165136
WC711427,0.327913
WC711428,0.159659
WC711429,0.268954
WC711430,0.15486
WC711431,0.15732
WC711432,0.162503
WC711433,0.149599
WC711434,0.193144
WC711435,0.165381
WC711436,0.162094
WC711437,0.243156
WC711438,0.053305
WC711439,0.169718
WC711440,0.201487
WC711441,0.132065
WC711442,0.305103
WC711443,0.417869
WC711444,0.328219
WC711445,0.410815
WC711446,0.180949
WC711447,0.232996
WC711448,0.191227
WC711449,0.363777
WC711450,0.269807
WC711451,0.186029
WC711452,0.063255
WC711453,0.237178
WC711454,0.064376
WC711455,0.22412
WC711456,0.417561
WC711457,0.290176
WC711458,0.095224
WC711459,0.259958
WC711460,0.208436
WC711461,0.174453
WC711462,0.274467
WC711463,0.088573
WC711464,0.437344
WC711465,0.21554
WC711466,0.389414
WC711467,0.355046
WC711468,0.282222
WC711469,0.273522
WC711470,0.19664
WC711471,0.256798
WC711472,0.246281
WC711473,0.055605
WC711474,0.214138
WC711475,0.146556
WC711476,0.175626
WC711477,0.203427
WC711478,0.17347
WC711479,0.4079
WC711480,0.381621
WC711481,0.181601
WC711482,0.209856
WC711483,0.357553
WC711484,0.199862
WC711485,0.170944
WC711486,0.236114
WC711487,0.262753
WC711488,0.194377
WC711489,0.16859
WC711490,0.154294
WC711491,0.242528
WC711492,0.203628
WC711493,0.304669
WC711494,0.139357
WC711495,0.156933
WC711496,0.429791
WC711497,0.298916
WC711498,0.051805
WC711499,0.261654
WC711500,0.191651
WC711501,0.124831
WC711502,0.214034
WC711503,0.263211
WC711504,0.271892
WC711505,0.253741
WC711506,0.248767
WC711507,0.23608
WC711508,0.066794
WC711509,0.370359
WC711510,0.387099
WC711511,0.364992
WC711512,0.079662
WC711513,0.221689
WC711514,0.115517
WC711515,0.170035
WC711516,0.226121
WC711517,0.141675
WC711518,0.419549
WC711519,0.091208
WC711520,0.162253
WC711521,0.061812
WC711522,0.185268
WC711523,0.168728
WC711524,0.151767
WC711525,0.199678
WC711526,0.243385
WC711527,0.256826
WC711528,0.163623
WC711529,0.234137
WC711530,0.306303
WC711531,0.268106
WC711532,0.096405
WC711533,0.196521
WC711534,0.21486
WC711535,0.139897
WC711536,0.154862
WC711537,0.291878
WC711538,0.059687
WC711539,0.247447
WC711540,0.245136
WC711541,0.174928
WC711542,0.042134
WC711543,0.33271
WC711544,0.166136
WC711545,0.243614
WC711546,0.142117
WC711547,0.271504
WC711548,0.268032
WC711549,0.207374
WC711550,0.265533
WC711551,0.363034
WC711552,0.205253
WC711553,0.158115
WC711554,0.251578
WC711555,0.266289
WC711556,0.035671
WC711557,0.233874
WC711558,0.215068
WC711559,0.171932
WC711560,0.191044
WC711561,0.277808
WC711562,0.21897
WC711563,0.086756
WC711564,0.417223
WC711565,0.247762
WC711566,0.278347
WC711567,0.204435
WC711568,0.165144
WC711569,0.052743
WC711570,0.272307
WC711571,0.342208
WC711572,0.062673
WC711573,0.254499
WC711574,0.223611
WC711575,0.168039
WC711576,0.242717
WC711577,0.165802
WC711578,0.270687
WC711579,0.047264
WC711580,0.154751
WC711581,0.242233
WC711582,0.108009
WC711583,0.309325
WC711584,0.070552
WC711585,0.231748
WC711586,0.148015
WC711587,0.237056
WC711588,0.400937
WC711589,0.064049
WC711590,0.37095
WC711591,0.057577
WC711592,0.23463
WC711593,0.15726
WC711594,0.258691
WC711595,0.191443
WC711596,0.401157
WC711597,0.151128
WC711598,0.233495
WC711599,0.276553
WC711600,0.158945
WC711601,0.463952
WC711602,0.167229
WC711603,0.309334
WC711604,0.27899
WC711605,0.077666
WC711606,0.064571
WC711607,0.084272
WC711608,0.191209
WC711609,0.046392
WC711610,0.241663
WC711611,0.208489
WC711612,0.234238
WC711613,0.23187
WC711614,0.18499
WC711615,0.184198
WC711616,0.265695
WC711617,0.157761
WC711618,0.260162
WC711619,0.17331
WC711620,0.143078
WC711621,0.104131
WC711622,0.126564
WC711623,0.195086
WC711624,0.3897
WC711625,0.278361
WC711626,0.208693
WC711627,0.357753
WC711628,0.16384
WC711629,0.051171
WC711630,0.24565
WC711631,0.150669
WC711632,0.572481
WC711633,0.224734
WC711634,0.218298
WC711635,0.173827
WC711636,0.29212
WC711637,0.274301
WC711638,0.22619
WC711639,0.348846
WC711640,0.25714
WC711641,0.075761
WC711642,0.22168
WC711643,0.324084
WC711644,0.225054
WC711645,0.078562
WC711646,0.230258
WC711647,0.323536
WC711648,0.127227
WC711649,0.264237
WC711650,0.252671
WC711651,0.159459
WC711652,0.229674
WC711653,0.178926
WC711654,0.153144
WC711655,0.230176
WC711656,0.137386
WC711657,0.420945
WC711658,0.329482
WC711659,0.17277
WC711660,0.193304
WC711661,0.242985
WC711662,0.198136
WC711663,0.116555
WC711664,0.310358
WC711665,0.175505
WC711666,0.194663
WC711667,0.239365
WC711668,0.252139
WC711669,0.205006
WC711670,0.265937
WC711671,0.30638
WC711672,0.247989
WC711673,0.226305
WC711674,0.149808
WC711675,0.159402
WC711676,0.180142
WC711677,0.208025
WC711678,0.375312
WC711679,0.174426
WC711680,0.164729
WC711681,0.213693
WC711682,0.343555
WC711683,0.369569
WC711684,0.182746
WC711685,0.217839
WC711686,0.251997
WC711687,0.316664
WC711688,0.151207
WC711689,0.277902
WC711690,0.306257
WC711691,0.292222
WC711692,0.120544
WC711693,0.611349
WC711694,0.254754
WC711695,0.235323
WC711696,0.224764
WC711697,0.171095
WC711698,0.174785
WC711699,0.22014
WC711700,0.153903
WC711701,0.268057
WC711702,0.247078
WC711703,0.311266
WC711704,0.419088
WC711705,0.327421
WC711706,0.240955
WC711707,0.182238
WC711708,0.168607
WC711709,0.154981
WC711710,0.265733
WC711711,0.214659
WC711712,0.184951
WC711713,0.266275
WC711714,0.262085
WC711715,0.195473
WC711716,0.121001
WC711717,0.203134
WC711718,0.182987
WC711719,0.077127
WC711720,0.15813
WC711721,0.256034
WC711722,0.112613
WC711723,0.075236
WC711724,0.270047
WC711725,0.271032
WC711726,0.068483
WC711727,0.207261
WC711728,0.165105
WC711729,0.20403
WC711730,0.142242
WC711731,0.134956
WC711732,0.163784
WC711733,0.308262
WC711734,0.306158
WC711735,0.161592
WC711736,0.055625
WC711737,0.071671
WC711738,0.269059
WC711739,0.193347
WC711740,0.385367
WC711741,0.156487
WC711742,0.168464
WC711743,0.183236
WC711744,0.23291
WC711745,0.199761
WC711746,0.035806
WC711747,0.203382
WC711748,0.184774
WC711749,0.109269
WC711750,0.242818
WC711751,0.420418
WC711752,0.332476
WC711753,0.087195
WC711754,0.181939
WC711755,0.264503
WC711756,0.217171
WC711757,0.231573
WC711758,0.060411
WC711759,0.200145
WC711760,0.308508
WC711761,0.180927
WC711762,0.233546
WC711763,0.197213
WC711764,0.260183
WC711765,0.241575
WC711766,0.242137
WC711767,0.258597
WC711768,0.241968
WC711769,0.249696
WC711770,0.226021
WC711771,0.254904
WC711772,0.232324
WC711773,0.185428
WC711774,0.204955
WC711775,0.113798
WC711776,0.06039
WC711777,0.176333
WC711778,0.174519
WC711779,0.206026
WC711780,0.177351
WC711781,0.138571
WC711782,0.409934
WC711783,0.180636
WC711784,0.067923
WC711785,0.192223
WC711786,0.157879
WC711787,0.200219
WC711788,0.219975
WC711789,0.121226
WC711790,0.360917
WC711791,0.334307
WC711792,0.049644
WC711793,0.171885
WC711794,0.19907
WC711795,0.16389
WC711796,0.333647
WC711797,0.04773
WC711798,0.037967
WC711799,0.035265
WC711800,0.236516
WC711801,0.205597
WC711802,0.216678
WC711803,0.248451
WC711804,0.058755
WC711805,0.326253
WC711806,0.199997
WC711807,0.324297
WC711808,0.179489
WC711809,0.181512
WC711810,0.490793
WC711811,0.22407
WC711812,0.191259
WC711813,0.035919
WC711814,0.125227
WC711815,0.150712
WC711816,0.06345
WC711817,0.177794
WC711818,0.460282
WC711819,0.187122
WC711820,0.259261
WC711821,0.16397
WC711822,0.265429
WC711823,0.197999
WC711824,0.205896
WC711825,0.148631
WC711826,0.22341
WC711827,0.302955
WC711828,0.200797
WC711829,0.075725
WC711830,0.184959
WC711831,0.121617
WC711832,0.270943
WC711833,0.188499
WC711834,0.368257
WC711835,0.210532
WC711836,0.205992
WC711837,0.240934
WC711838,0.048541
WC711839,0.109646
WC711840,0.30913
WC711841,0.18096
WC711842,0.050583
WC711843,0.178217
WC711844,0.186816
WC711845,0.146093
WC711846,0.347844
WC711847,0.168686
WC711848,0.230227
WC711849,0.137992
WC711850,0.139516
WC711851,0.201456
WC711852,0.263536
WC711853,0.177544
WC711854,0.148052
WC711855,0.266092
WC711856,0.164105
WC711857,0.18699
WC711858,0.220777
WC711859,0.218123
WC711860,0.27768
WC711861,0.363738
WC711862,0.395265
WC711863,0.202786
WC711864,0.235892
WC711865,0.276271
WC711866,0.243779
WC711867,0.36364
WC711868,0.188106
WC711869,0.351872
WC711870,0.182685
WC711871,0.207852
WC711872,0.259593
WC711873,0.05943
WC711874,0.222846
WC711875,0.223879
WC711876,0.194106
WC711877,0.145195
WC711878,0.283349
WC711879,0.302264
WC711880,0.10443
WC711881,0.353415
WC711882,0.148437
WC711883,0.163719
WC711884,0.337334
WC711885,0.189366
WC711886,0.17797
WC711887,0.601994
WC711888,0.271555
WC711889,0.151623
WC711890,0.160021
WC711891,0.146087
WC711892,0.194291
WC711893,0.194759
WC711894,0.212406
WC711895,0.217837
WC711896,0.159634
WC711897,0.258877
WC711898,0.222941
WC711899,0.201151
WC711900,0.06468
WC711901,0.18083
WC711902,0.075366
WC711903,0.198807
WC711904,0.273619
WC711905,0.186788
WC711906,0.214772
WC711907,0.325814
WC711908,0.319874
WC711909,0.169536
WC711910,0.22824
WC711911,0.282728
WC711912,0.194477
WC711913,0.199926
WC711914,0.165498
WC711915,0.187709
WC711916,0.06561
WC711917,0.234795
WC711918,0.374087
WC711919,0.025788
WC711920,0.256786
WC711921,0.054455
WC711922,0.329167
WC711923,0.170922
WC711924,0.284965
WC711925,0.230032
WC711926,0.172027
WC711927,0.189766
WC711928,0.036086
WC711929,0.293468
WC711930,0.346786
WC711931,0.244767
WC711932,0.074667
WC711933,0.238191
WC711934,0.058867
WC711935,0.279618
WC711936,0.251646
WC711937,0.177671
WC711938,0.224338
WC711939,0.288792
WC711940,0.274773
WC711941,0.165159
WC711942,0.393071
WC711943,0.249713
WC711944,0.219206
WC711945,0.281615
WC711946,0.273182
WC711947,0.154534
WC711948,0.172318
WC711949,0.336181
WC711950,0.143575
WC711951,0.214302
WC711952,0.304134
WC711953,0.16786
WC711954,0.169088
WC711955,0.217129
WC711956,0.214162
WC711957,0.111948
WC711958,0.377404
WC711959,0.11753
WC711960,0.299425
WC711961,0.112166
WC711962,0.156208
WC711963,0.385171
WC711964,0.407462
WC711965,0.280424
WC711966,0.23766
WC711967,0.182407
WC711968,0.250779
WC711969,0.174915
WC711970,0.289424
WC711971,0.375384
WC711972,0.168896
WC711973,0.227968
WC711974,0.142101
WC711975,0.156512
WC711976,0.220185
WC711977,0.194251
WC711978,0.218996
WC711979,0.139245
WC711980,0.248483
WC711981,0.185667
WC711982,0.208258
WC711983,0.146198
WC711984,0.426469
WC711985,0.158629
WC711986,0.144215
WC711987,0.078722
WC711988,0.294505
WC711989,0.052334
WC711990,0.208699
WC711991,0.25619
WC711992,0.179088
WC711993,0.310873
WC711994,0.046583
WC711995,0.04662
WC711996,0.237319
WC711997,0.172677
WC711998,0.325475
WC711999,0.162461
WC712000,0.317201
WC712001,0.282028
WC712002,0.194946
WC712003,0.233311
WC712004,0.372567
WC712005,0.046135
WC712006,0.173557
WC712007,0.190391
WC712008,0.311217
WC712009,0.284774
WC712010,0.362038
WC712011,0.289602
WC712012,0.258589
WC712013,0.202462
WC712014,0.079595
WC712015,0.285977
WC712016,0.158612
WC712017,0.070432
WC712018,0.20404
WC712019,0.086684
WC712020,0.245107
WC712021,0.162551
WC712022,0.20479
WC712023,0.336998
WC712024,0.177704
WC712025,0.239592
WC712026,0.049592
WC712027,0.358561
WC712028,0.334698
WC712029,0.075043
WC712030,0.250394
WC712031,0.232177
WC712032,0.464464
WC712033,0.198817
WC712034,0.184079
WC712035,0.052034
WC712036,0.20952
WC712037,0.182468
WC712038,0.159872
WC712039,0.216355
WC712040,0.182297
WC712041,0.265481
WC712042,0.057813
WC712043,0.270789
WC712044,0.191616
WC712045,0.176139
WC712046,0.156522
WC712047,0.225542
WC712048,0.28283
WC712049,0.139244
WC712050,0.270189
WC712051,0.228036
WC712052,0.156589
WC712053,0.218458
WC712054,0.325325
WC712055,0.200094
WC712056,0.200436
WC712057,0.223009
WC712058,0.226721
WC712059,0.156621
WC712060,0.062778
WC712061,0.178029
WC712062,0.24325
WC712063,0.184171
WC712064,0.234007
WC712065,0.252587
WC712066,0.146005
WC712067,0.242669
WC712068,0.130519
WC712069,0.206989
WC712070,0.155966
WC712071,0.205501
WC712072,0.190058
WC712073,0.316593
WC712074,0.257497
WC712075,0.284971
WC712076,0.260482
WC712077,0.407121
WC712078,0.226004
WC712079,0.247206
WC712080,0.245082
WC712081,0.26024
WC712082,0.249578
WC712083,0.274273
WC712084,0.301432
WC712085,0.211323
WC712086,0.361328
WC712087,0.180532
WC712088,0.238057
WC712089,0.255551
WC712090,0.214264
WC712091,0.439533
WC712092,0.38332
WC712093,0.205464
WC712094,0.218751
WC712095,0.217986
WC712096,0.189874
WC712097,0.221469
WC712098,0.226132
WC712099,0.477703
WC712100,0.094421
WC712101,0.042428
WC712102,0.210293
WC712103,0.184442
WC712104,0.200755
WC712105,0.162826
WC712106,0.12701
WC712107,0.248109
WC712108,0.092914
WC712109,0.15303
WC712110,0.313876
WC712111,0.289296
WC712112,0.034645
WC712113,0.231112
WC712114,0.146786
WC712115,0.221417
WC712116,0.127395
WC712117,0.189649
WC712118,0.254671
WC712119,0.256957
WC712120,0.198696
WC712121,0.14538
WC712122,0.185253
WC712123,0.055794
WC712124,0.107952
WC712125,0.069329
WC712126,0.199328
WC712127,0.172856
WC712128,0.281758
WC712129,0.302993
WC712130,0.242437
WC712131,0.027356
WC712132,0.344895
WC712133,0.365295
WC712134,0.193059
WC712135,0.168862
WC712136,0.110367
WC712137,0.256408
WC712138,0.233319
WC712139,0.255456
WC712140,0.197199
WC712141,0.194835
WC712142,0.164041
WC712143,0.047209
WC712144,0.1793
WC712145,0.210081
WC712146,0.217371
WC712147,0.062368
WC712148,0.257898
WC712149,0.183694
WC712150,0.115883
WC712151,0.120135
WC712152,0.171161
WC712153,0.162266
WC712154,0.186858
WC712155,0.231913
WC712156,0.16633
WC712157,0.111736
WC712158,0.2318
WC712159,0.226463
WC712160,0.240552
WC712161,0.303938
WC712162,0.246696
WC712163,0.07387
WC712164,0.259786
WC712165,0.391347
WC712166,0.207921
WC712167,0.202327
WC712168,0.18407
WC712169,0.151255
WC712170,0.170418
WC712171,0.171228
WC712172,0.315734
WC712173,0.301594
WC712174,0.215243
WC712175,0.27616
WC712176,0.313736
WC712177,0.174448
WC712178,0.308869
WC712179,0.43449
WC712180,0.814044
WC712181,0.165391
WC712182,0.114001
WC712183,0.376196
WC712184,0.19132
WC712185,0.233438
WC712186,0.339056
WC712187,0.221144
WC712188,0.255335
WC712189,0.241571
WC712190,0.270159
WC712191,0.29921
WC712192,0.176525
WC712193,0.228807
WC712194,0.08103
WC712195,0.094339
WC712196,0.191016
WC712197,0.126193
WC712198,0.161782
WC712199,0.218206
WC712200,0.220775
WC712201,0.191547
WC712202,0.367297
WC712203,0.214624
WC712204,0.382325
WC712205,0.230602
WC712206,0.337128
WC712207,0.284779
WC712208,0.203872
WC712209,0.141114
WC712210,0.250879
WC712211,0.232411
WC712212,0.284033
WC712213,0.302744
WC712214,0.209367
WC712215,0.213411
WC712216,0.176652
WC712217,0.234279
WC712218,0.377509
WC712219,0.211447
WC712220,0.173868
WC712221,0.231528
WC712222,0.244024
WC712223,0.2897
WC712224,0.332107
WC712225,0.206911
WC712226,0.359854
WC712227,0.25721
WC712228,0.257475
WC712229,0.154213
WC712230,0.250908
WC712231,0.164879
WC712232,0.237389
WC712233,0.201762
WC712234,0.273981
WC712235,0.221446
WC712236,0.061519
WC712237,0.184355
WC712238,0.102274
WC712239,0.073607
WC712240,0.066839
WC712241,0.129355
WC712242,0.196714
WC712243,0.214468
WC712244,0.195876
WC712245,0.145901
WC712246,0.300157
WC712247,0.301034
WC712248,0.209533
WC712249,0.054135
WC712250,0.207646
WC712251,0.205225
WC712252,0.33316
WC712253,0.217111
WC712254,0.383511
WC712255,0.320555
WC712256,0.221065
WC712257,0.205646
WC712258,0.234204
WC712259,0.065716
WC712260,0.226535
WC712261,0.798545
WC712262,0.267436
WC712263,0.070437
WC712264,0.29992
WC712265,0.366191
WC712266,0.231343
WC712267,0.247508
WC712268,0.343961
WC712269,0.171058
WC712270,0.027891
WC712271,0.297123
WC712272,0.248662
WC712273,0.256594
WC712274,0.366459
WC712275,0.231296
WC712276,0.265365
WC712277,0.263038
WC712278,0.132294
WC712279,0.25949
WC712280,0.185979
WC712281,0.275907
WC712282,0.267889
WC712283,0.245275
WC712284,0.25585
WC712285,0.276661
WC712286,0.191311
WC712287,0.057158
WC712288,0.189929
WC712289,0.278125
WC712290,0.064048
WC712291,0.149333
WC712292,0.197659
WC712293,0.207386
WC712294,0.322885
WC712295,0.385008
WC712296,0.266596
WC712297,0.150664
WC712298,0.054461
WC712299,0.168386
WC712300,0.307077
WC712301,0.190518
WC712302,0.155726
WC712303,0.270267
WC712304,0.177415
WC712305,0.237167
WC712306,0.158386
WC712307,0.070068
WC712308,0.306871
WC712309,0.282069
WC712310,0.197245
WC712311,0.14898
WC712312,0.146212
WC712313,0.243976
WC712314,0.208555
WC712315,0.230381
WC712316,0.303632
WC712317,0.190658
WC712318,0.289233
WC712319,0.164789
WC712320,0.087867
WC712321,0.050457
WC712322,0.182601
WC712323,0.194797
WC712324,0.263807
WC712325,0.042911
WC712326,0.149778
WC712327,0.314209
WC712328,0.348507
WC712329,0.42039
WC712330,0.262638
WC712331,0.201675
WC712332,0.167599
WC712333,0.166705
WC712334,0.241319
WC712335,0.084967
WC712336,0.145198
WC712337,0.194399
WC712338,0.224202
WC712339,0.155629
WC712340,0.199613
WC712341,0.160629
WC712342,0.152611
WC712343,0.225845
WC712344,0.193111
WC712345,0.339375
WC712346,0.326646
WC712347,0.372265
WC712348,0.302221
WC712349,0.288847
WC712350,0.221684
WC712351,0.174717
WC712352,0.350055
WC712353,0.214608
WC712354,0.242241
WC712355,0.343588
WC712356,0.272579
WC712357,0.220097
WC712358,0.26753
WC712359,0.223682
WC712360,0.142783
WC712361,0.285601
WC712362,0.230479
WC712363,0.075962
WC712364,0.260813
WC712365,0.114513
WC712366,0.391438
WC712367,0.297574
WC712368,0.186084
WC712369,0.192527
WC712370,0.057864
WC712371,0.262547
WC712372,0.379675
WC712373,0.308664
WC712374,0.18702
WC712375,0.282056
WC712376,0.16971
WC712377,0.126137
WC712378,0.268641
WC712379,0.215641
WC712380,0.380303
WC712381,0.331932
WC712382,0.235656
WC712383,0.233803
WC712384,0.304516
WC712385,0.216177
WC712386,0.177387
WC712387,0.1309
WC712388,0.148173
WC712389,0.199272
WC712390,0.207755
WC712391,0.253009
WC712392,0.192569
WC712393,0.159974
WC712394,0.405155
WC712395,0.249959
WC712396,0.226711
WC712397,0.211322
WC712398,0.216356
WC712399,0.150359
WC712400,0.448614
WC712401,0.159263
WC712402,0.289877
WC712403,0.248597
WC712404,0.163195
WC712405,0.239542
WC712406,0.179842
WC712407,0.190487
WC712408,0.178873
WC712409,0.143235
WC712410,0.069159
WC712411,0.215982
WC712412,0.184368
WC712413,0.164273
WC712414,0.357969
WC712415,0.216873
WC712416,0.279731
WC712417,0.185521
WC712418,0.214341
WC712419,0.213596
WC712420,0.238042
WC712421,0.185753
WC712422,0.168886
WC712423,0.200305
WC712424,0.03883
WC712425,0.174697
WC712426,0.349186
WC712427,0.189273
WC712428,0.20308
WC712429,0.240211
WC712430,0.221899
WC712431,0.301543
WC712432,0.162919
WC712433,0.28207
WC712434,0.309795
WC712435,0.296353
WC712436,0.316721
WC712437,0.268551
WC712438,0.311192
WC712439,0.204186
WC712440,0.164713
WC712441,0.242851
WC712442,0.053493
WC712443,0.299001
WC712444,0.219326
WC712445,0.060165
WC712446,0.18645
WC712447,0.223669
WC712448,0.263656
WC712449,0.293052
WC712450,0.262116
WC712451,0.257334
WC712452,0.200603
WC712453,0.144856
WC712454,0.306688
WC712455,0.142271
WC712456,0.308948
WC712457,0.181142
WC712458,0.162733
WC712459,0.297191
WC712460,0.307867
WC712461,0.246191
WC712462,0.237361
WC712463,0.170933
WC712464,0.195247
WC712465,0.257704
WC712466,0.250051
WC712467,0.207798
WC712468,0.052261
WC712469,0.169109
WC712470,0.21234
WC712471,0.192351
WC712472,0.166423
WC712473,0.194458
WC712474,0.29123
WC712475,0.333502
WC712476,0.159692
WC712477,0.322268
WC712478,0.305699
WC712479,0.176773
WC712480,0.261602
WC712481,0.196143
WC712482,0.246379
WC712483,0.187105
WC712484,0.259039
WC712485,0.194345
WC712486,0.356942
WC712487,0.1578
WC712488,0.187541
WC712489,0.367701
WC712490,0.161068
WC712491,0.209595
WC712492,0.125429
WC712493,0.374178
WC712494,0.195773
WC712495,0.208929
WC712496,0.264274
WC712497,0.194224
WC712498,0.258062
WC712499,0.169509
WC712500,0.057965
WC712501,0.050594
WC712502,0.167983
WC712503,0.190996
WC712504,0.110637
WC712505,0.23244
WC712506,0.220642
WC712507,0.254138
WC712508,0.212373
WC712509,0.294165
WC712510,0.066323
WC712511,0.249286
WC712512,0.191516
WC712513,0.104599
WC712514,0.162314
WC712515,0.24696
WC712516,0.41655
WC712517,0.135973
WC712518,0.156309
WC712519,0.253071
WC712520,0.24701
WC712521,0.123774
WC712522,0.237592
WC712523,0.213855
WC712524,0.185855
WC712525,0.187471
WC712526,0.213988
WC712527,0.269025
WC712528,0.279054
WC712529,0.115091
WC712530,0.319066
WC712531,0.171862
WC712532,0.206261
WC712533,0.155174
WC712534,0.306068
WC712535,0.073984
WC712536,0.181832
WC712537,0.219385
WC712538,0.267785
WC712539,0.180984
WC712540,0.235322
WC712541,0.171604
WC712542,0.237571
WC712543,0.137403
WC712544,0.363273
WC712545,0.19957
WC712546,0.178577
WC712547,0.224605
WC712548,0.206817
WC712549,0.203077
WC712550,0.072414
WC712551,0.109433
WC712552,0.152405
WC712553,0.186666
WC712554,0.332845
WC712555,0.045946
WC712556,0.224954
WC712557,0.264576
WC712558,0.226145
WC712559,0.139113
WC712560,0.176011
WC712561,0.226602
WC712562,0.227365
WC712563,0.153515
WC712564,0.029617
WC712565,0.132065
WC712566,0.263356
WC712567,0.312043
WC712568,0.227754
WC712569,0.304321
WC712570,0.347321
WC712571,0.229152
WC712572,0.256709
WC712573,0.218694
WC712574,0.167597
WC712575,0.21907
WC712576,0.159275
WC712577,0.310467
WC712578,0.338524
WC712579,0.224794
WC712580,0.217244
WC712581,0.199876
WC712582,0.159147
WC712583,0.146071
WC712584,0.09997
WC712585,0.271764
WC712586,0.065869
WC712587,0.253442
WC712588,0.205277
WC712589,0.185278
WC712590,0.257434
WC712591,0.223855
WC712592,0.167244
WC712593,0.270343
WC712594,0.32658
WC712595,0.263706
WC712596,0.21473
WC712597,0.236067
WC712598,0.215512
WC712599,0.338492
WC712600,0.263842
WC712601,0.211761
WC712602,0.063913
WC712603,0.279458
WC712604,0.211614
WC712605,0.16351
WC712606,0.035826
WC712607,0.166882
WC712608,0.291776
WC712609,0.237254
WC712610,0.20068
WC712611,0.225291
WC712612,0.323089
WC712613,0.161475
WC712614,0.044893
WC712615,0.128475
WC712616,0.242886
WC712617,0.201703
WC712618,0.061369
WC712619,0.219875
WC712620,0.170537
WC712621,0.022576
WC712622,0.329761
WC712623,0.05227
WC712624,0.248556
WC712625,0.11541
WC712626,0.264348
WC712627,0.03956
WC712628,0.138979
WC712629,0.120103
WC712630,0.197752
WC712631,0.113473
WC712632,0.260239
WC712633,0.231018
WC712634,0.165485
WC712635,0.149979
WC712636,0.056158
WC712637,0.036701
WC712638,0.190804
WC712639,0.198236
WC712640,0.37195
WC712641,0.223429
WC712642,0.666244
WC712643,0.186733
WC712644,0.235101
WC712645,0.214947
WC712646,0.150891
WC712647,0.196278
WC712648,0.222657
WC712649,0.151739
WC712650,0.205404
WC712651,0.092354
WC712652,0.181209
WC712653,0.127221
WC712654,0.1146
WC712655,0.39703
WC712656,0.235737
WC712657,0.171516
WC712658,0.256374
WC712659,0.382822
WC712660,0.330935
WC712661,0.280097
WC712662,0.378958
WC712663,0.3107
WC712664,0.190849
WC712665,0.255906
WC712666,0.24078
WC712667,0.228638
WC712668,0.194419
WC712669,0.356906
WC712670,0.175705
WC712671,0.304166
WC712672,0.232371
WC712673,0.045682
WC712674,0.316341
WC712675,0.192045
WC712676,0.205861
WC712677,0.179757
WC712678,0.128558
WC712679,0.214067
WC712680,0.262207
WC712681,0.280655
WC712682,0.33219
WC712683,0.138768
WC712684,0.221109
WC712685,0.152462
WC712686,0.224352
WC712687,0.156856
WC712688,0.156929
WC712689,0.204359
WC712690,0.252013
WC712691,0.21558
WC712692,0.28101
WC712693,0.296925
WC712694,0.075993
WC712695,0.250577
WC712696,0.055091
WC712697,0.221591
WC712698,0.182545
WC712699,0.112326
WC712700,0.15792
WC712701,0.328694
WC712702,0.233115
WC712703,0.183992
WC712704,0.370595
WC712705,0.195794
WC712706,0.197979
WC712707,0.166027
WC712708,0.230005
WC712709,0.235626
WC712710,0.281536
WC712711,0.237531
WC712712,0.219792
WC712713,0.214326
WC712714,0.150069
WC712715,0.249572
WC712716,0.2704
WC712717,0.327605
WC712718,0.16732
WC712719,0.20993
WC712720,0.242073
WC712721,0.230998
WC712722,0.17963
WC712723,0.123602
WC712724,0.458886
WC712725,0.149573
WC712726,0.315012
WC712727,0.211064
WC712728,0.170726
WC712729,0.24625
WC712730,0.057503
WC712731,0.186358
WC712732,0.046222
WC712733,0.207974
WC712734,0.310801
WC712735,0.352537
WC712736,0.162132
WC712737,0.112332
WC712738,0.229693
WC712739,0.344298
WC712740,0.244738
WC712741,0.194361
WC712742,0.09758
WC712743,0.074471
WC712744,0.196546
WC712745,0.128135
WC712746,0.112254
WC712747,0.200476
WC712748,0.213652
WC712749,0.212405
WC712750,0.082801
WC712751,0.271171
WC712752,0.462975
WC712753,0.251
WC712754,0.230332
WC712755,0.177574
WC712756,0.150629
WC712757,0.135057
WC712758,0.235996
WC712759,0.243666
WC712760,0.297654
WC712761,0.313508
WC712762,0.191702
WC712763,0.178259
WC712764,0.182218
WC712765,0.124134
WC712766,0.209832
WC712767,0.14479
WC712768,0.109468
WC712769,0.225173
WC712770,0.371223
WC712771,0.222194
WC712772,0.178925
WC712773,0.176276
WC712774,0.191902
WC712775,0.446773
WC712776,0.087678
WC712777,0.259134
WC712778,0.29444
WC712779,0.26196
WC712780,0.245459
WC712781,0.242207
WC712782,0.177711
WC712783,0.183841
WC712784,0.215194
WC712785,0.277834
WC712786,0.337555
WC712787,0.264262
WC712788,0.334091
WC712789,0.06223
WC712790,0.38086
WC712791,0.176117
WC712792,0.235402
WC712793,0.141993
WC712794,0.12173
WC712795,0.220336
WC712796,0.199753
WC712797,0.442071
WC712798,0.204677
WC712799,0.173168
WC712800,0.061026
WC712801,0.317403
WC712802,0.111973
WC712803,0.157728
WC712804,0.167479
WC712805,0.195608
WC712806,0.640595
WC712807,0.246953
WC712808,0.148868
WC712809,0.392594
WC712810,0.236187
WC712811,0.287111
WC712812,0.387188
WC712813,0.285992
WC712814,0.189781
WC712815,0.05807
WC712816,0.170415
WC712817,0.303172
WC712818,0.378555
WC712819,0.275755
WC712820,0.337028
WC712821,0.27967
WC712822,0.290513
WC712823,0.147917
WC712824,0.23195
WC712825,0.212044
WC712826,0.221236
WC712827,0.18529
WC712828,0.197176
WC712829,0.283121
WC712830,0.161851
WC712831,0.151352
WC712832,0.364121
WC712833,0.274643
WC712834,0.218164
WC712835,0.252307
WC712836,0.054572
WC712837,0.242225
WC712838,0.208255
WC712839,0.208206
WC712840,0.239362
WC712841,0.340649
WC712842,0.190071
WC712843,0.25002
WC712844,0.255555
WC712845,0.148233
WC712846,0.157916
WC712847,0.145426
WC712848,0.415264
WC712849,0.209629
WC712850,0.191111
WC712851,0.22526
WC712852,0.126199
WC712853,0.20758
WC712854,0.164732
WC712855,0.2616
WC712856,0.304164
WC712857,0.235144
WC712858,0.227023
WC712859,0.157734
WC712860,0.215519
WC712861,0.32383
WC712862,0.329455
WC712863,0.20438
WC712864,0.256853
WC712865,0.221834
WC712866,0.238736
WC712867,0.156105
WC712868,0.299076
WC712869,0.205474
WC712870,0.256162
WC712871,0.346618
WC712872,0.127491
WC712873,0.177412
WC712874,0.201533
WC712875,0.202366
WC712876,0.176516
WC712877,0.201762
WC712878,0.178744
WC712879,0.320694
WC712880,0.227188
WC712881,0.297018
WC712882,0.250828
WC712883,0.231092
WC712884,0.163402
WC712885,0.310766
WC712886,0.207659
WC712887,0.219702
WC712888,0.123703
WC712889,0.193458
WC712890,0.210708
WC712891,0.137458
WC712892,0.229507
WC712893,0.403136
WC712894,0.163687
WC712895,0.263635
WC712896,0.19287
WC712897,0.190221
WC712898,0.197455
WC712899,0.235687
WC712900,0.311821
WC712901,0.112194
WC712902,0.166765
WC712903,0.460247
WC712904,0.158866
WC712905,0.149583
WC712906,0.189877
WC712907,0.340141
WC712908,0.244613
WC712909,0.099218
WC712910,0.22972
WC712911,0.139738
WC712912,0.206681
WC712913,0.082186
WC712914,0.175126
WC712915,0.374983
WC712916,0.067948
WC712917,0.118004
WC712918,0.384264
WC712919,0.344611
WC712920,0.330272
WC712921,0.424073
WC712922,0.233409
WC712923,0.195121
WC712924,0.210343
WC712925,0.214821
WC712926,0.281267
WC712927,0.156718
WC712928,0.247145
WC712929,0.256848
WC712930,0.240748
WC712931,0.299389
WC712932,0.152308
WC712933,0.297977
WC712934,0.177018
WC712935,0.218432
WC712936,0.508717
WC712937,0.165496
WC712938,0.42878
WC712939,0.056048
WC712940,0.188029
WC712941,0.208092
WC712942,0.2072
WC712943,0.250249
WC712944,0.064102
WC712945,0.154562
WC712946,0.244784
WC712947,0.214678
WC712948,0.284947
WC712949,0.200552
WC712950,0.229664
WC712951,0.083209
WC712952,0.076099
WC712953,0.031505
WC712954,0.236495
WC712955,0.245975
WC712956,0.237648
WC712957,0.281147
WC712958,0.213487
WC712959,0.205287
WC712960,0.330877
WC712961,0.053988
WC712962,0.294367
WC712963,0.160124
WC712964,0.269293
WC712965,0.313392
WC712966,0.230044
WC712967,0.153507
WC712968,0.065138
WC712969,0.16325
WC712970,0.168769
WC712971,0.427397
WC712972,0.499303
WC712973,0.304804
WC712974,0.2552
WC712975,0.219153
WC712976,0.366453
WC712977,0.307016
WC712978,0.244931
WC712979,0.216323
WC712980,0.236337
WC712981,0.266849
WC712982,0.073856
WC712983,0.062221
WC712984,0.19244
WC712985,0.197248
WC712986,0.131037
WC712987,0.220917
WC712988,0.295175
WC712989,0.211096
WC712990,0.360771
WC712991,0.457802
WC712992,0.158255
WC712993,0.197252
WC712994,0.182519
WC712995,0.252945
WC712996,0.111546
WC712997,0.198425
WC712998,0.177088
WC712999,0.315729
WC713000,0.221803
WC713001,0.146207
WC713002,0.376167
WC713003,0.230589
WC713004,0.236232
WC713005,0.188449
WC713006,0.382107
WC713007,0.172895
WC713008,0.200619
WC713009,0.241233
WC713010,0.329619
WC713011,0.210709
WC713012,0.282762
WC713013,0.235956
WC713014,0.16359
WC713015,0.197309
WC713016,0.079768
WC713017,0.289578
WC713018,0.195936
WC713019,0.142155
WC713020,0.493423
WC713021,0.066027
WC713022,0.291461
WC713023,0.38015
WC713024,0.438876
WC713025,0.154204
WC713026,0.18017
WC713027,0.263634
WC713028,0.268093
WC713029,0.38819
WC713030,0.246304
WC713031,0.303329
WC713032,0.36718
WC713033,0.198396
WC713034,0.318586
WC713035,0.307941
WC713036,0.221888
WC713037,0.163253
WC713038,0.193969
WC713039,0.182563
WC713040,0.227265
WC713041,0.173314
WC713042,0.241562
WC713043,0.071946
WC713044,0.205556
WC713045,0.097172
WC713046,0.293956
WC713047,0.248803
WC713048,0.278339
WC713049,0.116968
WC713050,0.194611
WC713051,0.204478
WC713052,0.377866
WC713053,0.339547
WC713054,0.139371
WC713055,0.183128
WC713056,0.717915
WC713057,0.268174
WC713058,0.343654
WC713059,0.291026
WC713060,0.18052
WC713061,0.129316
WC713062,0.195057
WC713063,0.324326
WC713064,0.140051
WC713065,0.162288
WC713066,0.126562
WC713067,0.189029
WC713068,0.201591
WC713069,0.350344
WC713070,0.281299
WC713071,0.224754
WC713072,0.227988
WC713073,0.227635
WC713074,0.231922
WC713075,0.209159
WC713076,0.178017
WC713077,0.246212
WC713078,0.301453
WC713079,0.276334
WC713080,0.184113
WC713081,0.216312
WC713082,0.117486
WC713083,0.191163
WC713084,0.129917
WC713085,0.189896
WC713086,0.189173
WC713087,0.284126
WC713088,0.228878
WC713089,0.188529
WC713090,0.226272
WC713091,0.170234
WC713092,0.277472
WC713093,0.033987
WC713094,0.201503
WC713095,0.076111
WC713096,0.181775
WC713097,0.200138
WC713098,0.290614
WC713099,0.238339
WC713100,0.333392
WC713101,0.035383
WC713102,0.16293
WC713103,0.297415
WC713104,0.310429
WC713105,0.041964
WC713106,0.2468
WC713107,0.25824
WC713108,0.267819
WC713109,0.188967
WC713110,0.258531
WC713111,0.112227
WC713112,0.124888
WC713113,0.04438
WC713114,0.28204
WC713115,0.204541
WC713116,0.176982
WC713117,0.217134
WC713118,0.191246
WC713119,0.174465
WC713120,0.275088
WC713121,0.268657
WC713122,0.191446
WC713123,0.217147
WC713124,0.229628
WC713125,0.225608
WC713126,0.032681
WC713127,0.157908
WC713128,0.178083
WC713129,0.210787
WC713130,0.383558
WC713131,0.173354
WC713132,0.285318
WC713133,0.190821
WC713134,0.108533
WC713135,0.184648
WC713136,0.236469
WC713137,0.289139
WC713138,0.31491
WC713139,0.173788
WC713140,0.419353
WC713141,0.177881
WC713142,0.15461
WC713143,0.426595
WC713144,0.13468
WC713145,0.248254
WC713146,0.203401
WC713147,0.228149
WC713148,0.227926
WC713149,0.242362
WC713150,0.243944
WC713151,0.217607
WC713152,0.280525
WC713153,0.309589
WC713154,0.220081
WC713155,0.396834
WC713156,0.202865
WC713157,0.249111
WC713158,0.124237
WC713159,0.22484
WC713160,0.285719
WC713161,0.187176
WC713162,0.206069
WC713163,0.211625
WC713164,0.140788
WC713165,0.131299
WC713166,0.155234
WC713167,0.063815
WC713168,0.246907
WC713169,0.341529
WC713170,0.039309
WC713171,0.198853
WC713172,0.337305
WC713173,0.019774
WC713174,0.202447
WC713175,0.179359
WC713176,0.103449
WC713177,0.096921
WC713178,0.054209
WC713179,0.349112
WC713180,0.268757
WC713181,0.231641
WC713182,0.203358
WC713183,0.195238
WC713184,0.179818
WC713185,0.177631
WC713186,0.171938
WC713187,0.203402
WC713188,0.133983
WC713189,0.259639
WC713190,0.044537
WC713191,0.552501
WC713192,0.189042
WC713193,0.087472
WC713194,0.169607
WC713195,0.08153
WC713196,0.239149
WC713197,0.240174
WC713198,0.327393
WC713199,0.227346
WC713200,0.209432
WC713201,0.053929
WC713202,0.234559
WC713203,0.102852
WC713204,0.239016
WC713205,0.275497
WC713206,0.200147
WC713207,0.180071
WC713208,0.217175
WC713209,0.054255
WC713210,0.329957
WC713211,0.113575
WC713212,0.219461
WC713213,0.299531
WC713214,0.078005
WC713215,0.20341
WC713216,0.192465
WC713217,0.244764
WC713218,0.207062
WC713219,0.142692
WC713220,0.209411
WC713221,0.220451
WC713222,0.443029
WC713223,0.253501
WC713224,0.177921
WC713225,0.316014
WC713226,0.274845
WC713227,0.070032
WC713228,0.157945
WC713229,0.042038
WC713230,0.185963
WC713231,0.250125
WC713232,0.176263
WC713233,0.230339
WC713234,0.3197
WC713235,0.156249
WC713236,0.204965
WC713237,0.163883
WC713238,0.216526
WC713239,0.210959
WC713240,0.329002
WC713241,0.216772
WC713242,0.087721
WC713243,0.217026
WC713244,0.186647
WC713245,0.187872
WC713246,0.263313
WC713247,0.272085
WC713248,0.121787
WC713249,0.224838
WC713250,0.184518
WC713251,0.305006
WC713252,0.332717
WC713253,0.202988
WC713254,0.040616
WC713255,0.205693
WC713256,0.127336
WC713257,0.191352
WC713258,0.185975
WC713259,0.14963
WC713260,0.271035
WC713261,0.2083
WC713262,0.244373
WC713263,0.190581
WC713264,0.288451
WC713265,0.518212
WC713266,0.270762
WC713267,0.321496
WC713268,0.173417
WC713269,0.175397
WC713270,0.166503
WC713271,0.216109
WC713272,0.284313
WC713273,0.086431
WC713274,0.243726
WC713275,0.299452
WC713276,0.230174
WC713277,0.236048
WC713278,0.197694
WC713279,0.371362
WC713280,0.231824
WC713281,0.062193
WC713282,0.246389
WC713283,0.24559
WC713284,0.186014
WC713285,0.217537
WC713286,0.273916
WC713287,0.332077
WC713288,0.20395
WC713289,0.226931
WC713290,0.055985
WC713291,0.043227
WC713292,0.18934
WC713293,0.121291
WC713294,0.159867
WC713295,0.194812
WC713296,0.166029
WC713297,0.075258
WC713298,0.14482
WC713299,0.220712
WC713300,0.245397
WC713301,0.399017
WC713302,0.17107
WC713303,0.181758
WC713304,0.225038
WC713305,0.219237
WC713306,0.333278
WC713307,0.340759
WC713308,0.156324
WC713309,0.192858
WC713310,0.431153
WC713311,0.182351
WC713312,0.183072
WC713313,0.178766
WC713314,0.241737
WC713315,0.217081
WC713316,0.198925
WC713317,0.191722
WC713318,0.193568
WC713319,0.192242
WC713320,0.262821
WC713321,0.352161
WC713322,0.252068
WC713323,0.039422
WC713324,0.037818
WC713325,0.187891
WC713326,0.030612
WC713327,0.084222
WC713328,0.201182
WC713329,0.193328
WC713330,0.280704
WC713331,0.34813
WC713332,0.302162
WC713333,0.227364
WC713334,0.281277
WC713335,0.159036
WC713336,0.160245
WC713337,0.028214
WC713338,0.050246
WC713339,0.150464
WC713340,0.245245
WC713341,0.137799
WC713342,0.131794
WC713343,0.199667
WC713344,0.1486
WC713345,0.23897
WC713346,0.189387
WC713347,0.433792
WC713348,0.207658
WC713349,0.169045
WC713350,0.235593
WC713351,0.289828
WC713352,0.274209
WC713353,0.219772
WC713354,0.066233
WC713355,0.319922
WC713356,0.142726
WC713357,0.138957
WC713358,0.209744
WC713359,0.227176
WC713360,0.154364
WC713361,0.190208
WC713362,0.273388
WC713363,0.301328
WC713364,0.243524
WC713365,0.214099
WC713366,0.326773
WC713367,0.263864
WC713368,0.099911
WC713369,0.150265
WC713370,0.269642
WC713371,0.220675
WC713372,0.252423
WC713373,0.07614
WC713374,0.2233
WC713375,0.33938
WC713376,0.237343
WC713377,0.087593
WC713378,0.37795
WC713379,0.231128
WC713380,0.18676
WC713381,0.226018
WC713382,0.181641
WC713383,0.140468
WC713384,0.215462
WC713385,0.191451
WC713386,0.181192
WC713387,0.18114
WC713388,0.44596
WC713389,0.287277
WC713390,0.248758
WC713391,0.239887
WC713392,0.086447
WC713393,0.195662
WC713394,0.279409
WC713395,0.286443
WC713396,0.177158
WC713397,0.239335
WC713398,0.16306
WC713399,0.311031
WC713400,0.059513
WC713401,0.239949
WC713402,0.201607
WC713403,0.274301
WC713404,0.204639
WC713405,0.283414
WC713406,0.198017
WC713407,0.235694
WC713408,0.16506
WC713409,0.254551
WC713410,0.118699
WC713411,0.344837
WC713412,0.232564
WC713413,0.360205
WC713414,0.229105
WC713415,0.168402
WC713416,0.067176
WC713417,0.074232
WC713418,0.357178
WC713419,0.198993
WC713420,0.250115
WC713421,0.207496
WC713422,0.182819
WC713423,0.203174
WC713424,0.344105
WC713425,0.216993
WC713426,0.184749
WC713427,0.298356
WC713428,0.209028
WC713429,0.301544
WC713430,0.153991
WC713431,0.049005
WC713432,0.050007
WC713433,0.342497
WC713434,0.139109
WC713435,0.367869
WC713436,0.231601
WC713437,0.169432
WC713438,0.503249
WC713439,0.430648
WC713440,0.087227
WC713441,0.069435
WC713442,0.211835
WC713443,0.181953
WC713444,0.143146
WC713445,0.242683
WC713446,0.177021
WC713447,0.189116
WC713448,0.156737
WC713449,0.079488
WC713450,0.201362
WC713451,0.125109
WC713452,0.193517
WC713453,0.15124
WC713454,0.281946
WC713455,0.297826
WC713456,0.289211
WC713457,0.15805
WC713458,0.370352
WC713459,0.298779
WC713460,0.055555
WC713461,0.349722
WC713462,0.191678
WC713463,0.04773
WC713464,0.171496
WC713465,0.173167
WC713466,0.186268
WC713467,0.205601
WC713468,0.187213
WC713469,0.183817
WC713470,0.143952
WC713471,0.210899
WC713472,0.054085
WC713473,0.29616
WC713474,0.069676
WC713475,0.20097
WC713476,0.178649
WC713477,0.22278
WC713478,0.041911
WC713479,0.043322
WC713480,0.176616
WC713481,0.079794
WC713482,0.144117
WC713483,0.242085
WC713484,0.230928
WC713485,0.19322
WC713486,0.174249
WC713487,0.136246
WC713488,0.208814
WC713489,0.143958
WC713490,0.251952
WC713491,0.120638
WC713492,0.254017
WC713493,0.254166
WC713494,0.201538
WC713495,0.259466
WC713496,0.34285
WC713497,0.443871
WC713498,0.264531
WC713499,0.236386
WC713500,0.227067
WC713501,0.059387
WC713502,0.287052
WC713503,0.206992
WC713504,0.042623
WC713505,0.191804
WC713506,0.303721
WC713507,0.183063
WC713508,0.244736
WC713509,0.215922
WC713510,0.393228
WC713511,0.147822
WC713512,0.20242
WC713513,0.172965
WC713514,0.462537
WC713515,0.229374
WC713516,0.043797
WC713517,0.172946
WC713518,0.209365
WC713519,0.176332
WC713520,0.224894
WC713521,0.050107
WC713522,0.316705
WC713523,0.187173
WC713524,0.207495
WC713525,0.215515
WC713526,0.135699
WC713527,0.188265
WC713528,0.266978
WC713529,0.065363
WC713530,0.196819
WC713531,0.228439
WC713532,0.037098
WC713533,0.23797
WC713534,0.304237
WC713535,0.220219
WC713536,0.200625
WC713537,0.126068
WC713538,0.334642
WC713539,0.202968
WC713540,0.292692
WC713541,0.281416
WC713542,0.191444
WC713543,0.220198
WC713544,0.215399
WC713545,0.263605
WC713546,0.214576
WC713547,0.194412
WC713548,0.047645
WC713549,0.051768
WC713550,0.244754
WC713551,0.063824
WC713552,0.226937
WC713553,0.241823
WC713554,0.193449
WC713555,0.24098
WC713556,0.439766
WC713557,0.092531
WC713558,0.236712
WC713559,0.209404
WC713560,0.14096
WC713561,0.347997
WC713562,0.385505
WC713563,0.185854
WC713564,0.17906
WC713565,0.199364
WC713566,0.103662
WC713567,0.136404
WC713568,0.28317
WC713569,0.181969
WC713570,0.203115
WC713571,0.243389
WC713572,0.151435
WC713573,0.234239
WC713574,0.041396
WC713575,0.094646
WC713576,0.179635
WC713577,0.069072
WC713578,0.226562
WC713579,0.181289
WC713580,0.221719
WC713581,0.235402
WC713582,0.208442
WC713583,0.263134
WC713584,0.244915
WC713585,0.258683
WC713586,0.166193
WC713587,0.237658
WC713588,0.208586
WC713589,0.204731
WC713590,0.148188
WC713591,0.16589
WC713592,0.062021
WC713593,0.153372
WC713594,0.221467
WC713595,0.180129
WC713596,0.193904
WC713597,0.177973
WC713598,0.180996
WC713599,0.056467
